customer_message,intent,label_source,confidence
"@AmazonHelp 電話で対応してもらいましたが改良されませんでした。
保証期間も過ぎてるので買い直しになるんでしょうね。",GENERAL_SUPPORT,rule_assisted,low
@AmazonHelp こちらこそありがとうございました。,GENERAL_SUPPORT,rule_assisted,low
"@AmazonHelp 3 different people have given 3 different answers and I still don't have my order. Says delivered Saturday, was not, I was home all day",GENERAL_SUPPORT,rule_assisted,low
"@AmazonHelp Okay, danke für die Info",GENERAL_SUPPORT,rule_assisted,medium
@AmazonHelp @115826 Yeah this is crazy we’re less than a week away and still no Shipping Information on something that we Pre-ordered back in August,GENERAL_SUPPORT,rule_assisted,low
@115821 @AmazonHelp why is my order at my local courier for the last 6 days and still hasn’t been delivered to me?? Over 1 week late 😡,DELIVERY_ISSUE,rule_assisted,medium
@AmazonHelp Hi ready for some help,GENERAL_SUPPORT,rule_assisted,medium
@AmazonHelp Is the Echo Show no longer supported?,PRODUCT_TECHNICAL,rule_assisted,medium
"Bought an @115821 Echo Show and it won’t recognize a single @AmazonHelp account in our household. WTF, guys?",GENERAL_SUPPORT,rule_assisted,low
@AmazonHelp That page is useless - doesn’t allow me to state it hasn’t been delivered; only tells me it has! How can you sort this out?,DELIVERY_ISSUE,rule_assisted,medium
.@AmazonHelp Item has not been delivered but tracking says it was handed to me over an hour ago... 2nd time this has happened. Sort it out https://t.co/42W82GcARk,GENERAL_SUPPORT,rule_assisted,low
"@AmazonHelp I don't want a form to fill out that logs a response no one reads. I want to prevent AMZL from touching my stuff. Possible, or no?",GENERAL_SUPPORT,rule_assisted,low
@AmazonHelp Already started the return. UPS gets it from my doorstep tomorrow. Order 111-5014070-4118645,RETURN_REFUND,rule_assisted,medium
@AmazonHelp Is it possible to prevent AMZL from delivering my packages moving forward? Stuff is either lost/stolen/broken EVERY time.,PRODUCT_QUALITY,rule_assisted,high
"@AmazonHelp Already handled, just venting. It was a pretty big bummer.",GENERAL_SUPPORT,rule_assisted,low
"@AmazonHelp delivery I paid for today,didn’t arrive.why not?i paid enough for it.where is it??I’m unhappy.refund the delivery charge",GENERAL_SUPPORT,rule_assisted,low
@AmazonHelp Details sent. Please check.,GENERAL_SUPPORT,rule_assisted,low
@AmazonHelp Already contacted 3-4 times in the last month. But all I got was assurance that matter is escalated &amp; new status will be provided in 1 day!,GENERAL_SUPPORT,rule_assisted,medium
@AmazonHelp Already contacted 3-4 times in the last month. But all I got was assurance that matter is escalated &amp; new status will be provided in 1 day!,GENERAL_SUPPORT,rule_assisted,medium
@115850 @115821 @AmazonHelp @115851 Order# 3632693-6196346. You couldn't deliver EVEN AFTER A MONTH. You should be ashamed of yourself.,GENERAL_SUPPORT,rule_assisted,low
@115850 @115821 @AmazonHelp @115851 Order# 3632693-6196346. You couldn't deliver EVEN AFTER A MONTH. You should be ashamed of yourself.,GENERAL_SUPPORT,rule_assisted,low
@AmazonHelp since when you stop giving 20% off videogame pre-orders (amazon prime members) im confused? why?,ACCOUNT_MEMBERSHIP,rule_assisted,medium
@AmazonHelp but I can’t find the options to cancel or re-order?,ORDER_ISSUE,rule_assisted,medium
@AmazonHelp Thats the thing I told customer service. I created a new email address for the Prime trial and forgot it. What can I do so I'm not charged?,GENERAL_SUPPORT,rule_assisted,low
@AmazonHelp You have to log in. I don't remember the email address I used. Can you look up the account by my bank information?,ACCOUNT_MEMBERSHIP,rule_assisted,medium
@AmazonHelp I called customer service and was told my membership wouldn't be renewed. I was just charged today. How do I get a refund? https://t.co/SeoQUsA0VA,GENERAL_SUPPORT,rule_assisted,low
"@AmazonHelp I have tried. It’s not allowing me to access my account to cancel my membership, I haven’t even used prime in almost 3 months.",ACCOUNT_MEMBERSHIP,rule_assisted,medium
@AmazonHelp where can I chat with a support member for a false charge,PAYMENT_BILLING,rule_assisted,medium
@AmazonHelp if I add another adult to my Amazon household (with their own account) can they see my wishlists/photos/order history?,ACCOUNT_MEMBERSHIP,rule_assisted,medium
"@AmazonHelp My package just got here. All good, thank you!",GENERAL_SUPPORT,rule_assisted,low
@AmazonHelp Never got the beta and now I’m being told I won’t get ANY of the other stuff. Including Last Jedi content and or bonus classes. Anything! :(,GENERAL_SUPPORT,rule_assisted,low
@AmazonHelp Deluxe edition on September 16th. It definitely had the pre orders on the profile because that’s why I ordered. Also why I paid for Prime..,ACCOUNT_MEMBERSHIP,rule_assisted,medium
@AmazonHelp Star Wars Battlefront 2 Elite Trooper Deluxe Edition Playstation 4 https://t.co/6K7WdDcY2P preorder info is in description. Thanks for help,GENERAL_SUPPORT,rule_assisted,medium
"@AmazonHelp Fulfilled by Amazon. It’s quite disturbing you’re selling counterfeit items, and can’t be trusted.",PRODUCT_QUALITY,rule_assisted,high
Two fake items in one day. Time to cancel my Amazon Prime membership. @AmazonHelp,PRODUCT_QUALITY,rule_assisted,medium
@AmazonHelp I have. No luck.,GENERAL_SUPPORT,rule_assisted,low
@AmazonHelp It’s not allowing me to update it to register my new amazon account. I read I’d have to do so manually. Thx 4 response.,ACCOUNT_MEMBERSHIP,rule_assisted,medium
@AmazonHelp that is not my apartment!!!!!!! This is the sending time!!!! Where is my package!!!!!!!!!! https://t.co/EIY6DZUCDC,DELIVERY_ISSUE,rule_assisted,medium
@AmazonHelp that is not my apartment!!!!!!! This is the sending time!!!! Where is my package!!!!!!!!!! https://t.co/EIY6DZUCDC,DELIVERY_ISSUE,rule_assisted,medium
@116096 Truly. This is the strangest vampire book I’ve ever received. 😜 cc @43760 @AmazonHelp #misship https://t.co/Zad7Az14Zg,GENERAL_SUPPORT,rule_assisted,low
"@AmazonHelp 先日教えていただいたように、fireTVstickとルーターの両方を再起動してみたら、前回のようには途切れなくなりました！ありがとうございます😊今の所大丈夫ですが、あとは72時間TV当日に接続が切れてしまわないように祈るのみです...。
お礼と報告まで。 https://t.co/hS5VmxuIfX",SAFETY_ISSUE,rule_assisted,high
@AmazonHelp ご丁寧にありがとうございます！トライしてみて改善されなければCSへご連絡します。返信いただけると思っていなかったので本当に嬉しいです！,GENERAL_SUPPORT,rule_assisted,low
"@AmazonHelp ありがとうございます！
テレビにstickを接続しているのですが、WiFi接続がすぐに切れてしまい、数分しか見ることができません。",PRODUCT_TECHNICAL,rule_assisted,medium
"@AmazonHelp Just now, don't use Amazon much so didn't know the process if you don't receive an item",ORDER_ISSUE,rule_assisted,medium
@AmazonHelp Wasn't tracked as sent via Royal Mail. I've emailed the seller.,GENERAL_SUPPORT,rule_assisted,low
@AmazonHelp Yeah I sent you a DM too. Had an email saying when it had been dispatched but nothing since.,GENERAL_SUPPORT,rule_assisted,low
"@AmazonHelp Hi, I ordered an item on 18 Oct which said it would be delivered by 20 Oct and I still haven't received it. Can you help? Thanks",GENERAL_SUPPORT,rule_assisted,medium
"@AmazonHelp I'm learning German, so I don't really mind between German/English. If I have to choose, I say German.",GENERAL_SUPPORT,rule_assisted,low
@AmazonHelp I allowed it well past 8 PM. I was never notified about any other delays,GENERAL_SUPPORT,rule_assisted,low
"@AmazonHelp I made a same day ship mid Monday and it said it would deliver that day. It didn’t. Today it still says out for delivery, still no show.",DELIVERY_ISSUE,rule_assisted,medium
"@AmazonHelp hello, I’m having an issue with a same day ship order.  Can you help me?",GENERAL_SUPPORT,rule_assisted,medium
Erm @AmazonHelp I bought this item for £5.99... why am I only getting £1.67 back?! https://t.co/lb33bFOcW0,ORDER_ISSUE,rule_assisted,medium
Erm @AmazonHelp I bought this item for £5.99... why am I only getting £1.67 back?! https://t.co/lb33bFOcW0,ORDER_ISSUE,rule_assisted,medium
@AmazonHelp Where is my order? https://t.co/pXnKSCo2ex,GENERAL_SUPPORT,rule_assisted,low
"@AmazonHelp yes i did,but amazonuk is not doing the refund process.if they do it .i will get the money",RETURN_REFUND,rule_assisted,medium
@AmazonHelp i mailed amazonuk so many time. but i havent got any progress.customer care just saying thats in the billing section.no i havent got refund,GENERAL_SUPPORT,rule_assisted,low
@AmazonHelp and redund issued on 13th https://t.co/1uydlorGCp no sing of my money and amazonuk just saying its in the billing department.no signof devlp,PAYMENT_BILLING,rule_assisted,medium
"@AmazonHelp I've been in the prime queue, kindle queue, the echo queue, and now on hold again.",GENERAL_SUPPORT,rule_assisted,low
the @amazonhelp queue is clueless on Amazon Household,ACCOUNT_MEMBERSHIP,rule_assisted,medium
@AmazonHelp Well ok but @116324 said it’s been dlvd so I can’t see how they will bother to deliver it now! I think they have washed their hands of it,GENERAL_SUPPORT,rule_assisted,low
@116324 not dlvd after 1 wk. U lied 2 @AmazonHelp saying left in safe place on Fri. Yesterday u said wld be dlvd 24-48hrs. Sort this now!,GENERAL_SUPPORT,rule_assisted,low
@AmazonHelp No on the card. It works only half the time. Yes on USPS. They say my delivery person won’t deliver anything over 30 lbs. just sends it back,DELIVERY_ISSUE,rule_assisted,medium
@AmazonHelp Want to speak to someone at corp to address these issues.,GENERAL_SUPPORT,rule_assisted,medium
@AmazonHelp Multiple calls to call amazon call center with zero resolution and never a promised call back.,GENERAL_SUPPORT,rule_assisted,low
@AmazonHelp There was only one costing a lot more than £20 and  FBA -stating eligibility !,GENERAL_SUPPORT,rule_assisted,low
@AmazonHelp All of them,GENERAL_SUPPORT,rule_assisted,low
@AmazonHelp i reset my password 3 times and it still says incorrect you gotta be shitting me,ACCOUNT_MEMBERSHIP,rule_assisted,medium
@AmazonHelp I can’t log in because it’s locked.,ACCOUNT_MEMBERSHIP,rule_assisted,medium
"@AmazonHelp um, my account was locked as soon as I tried to login on desktop. I still haven’t received an email on how to get it unlocked...",ACCOUNT_MEMBERSHIP,rule_assisted,medium
@AmazonHelp Kann ich dann wenigstens mein Amazon-Konto aufladen um zu bezahlen. Ich habe keine Kreditkarte und möchte auch keine,GENERAL_SUPPORT,rule_assisted,low
@AmazonHelp Warum ist es mir (und scheinbar auch ein paar anderen) nicht möglich per Bankeinzug zu bezahlen?,GENERAL_SUPPORT,rule_assisted,low
"@AmazonHelp na ultima atualização da entrega do meu pedido, consta que não foi possível localizar o meu endereço, poderia ajudar?",GENERAL_SUPPORT,rule_assisted,low
@AmazonHelp infórmese... no voy a perder más mi tiempo...,GENERAL_SUPPORT,rule_assisted,low
"@AmazonHelp Many times, but still failing, and it happen with some show",GENERAL_SUPPORT,rule_assisted,low
@AmazonHelp Sadly yes,GENERAL_SUPPORT,rule_assisted,low
"@AmazonHelp Mac book pro, with Chrome",GENERAL_SUPPORT,rule_assisted,low
"@AmazonHelp Mac book pro, with Chrome",GENERAL_SUPPORT,rule_assisted,low
"@AmazonHelp I need to change the language of my account to be able to get support, which I don't have the time to do, there's any other way to contact?",ACCOUNT_MEMBERSHIP,rule_assisted,medium
So sad @AmazonHelp @115830 ruined his FIRST Halloween by failing to deliver his tiny costume 2 days running #whypayprime? #amazon #prime,ACCOUNT_MEMBERSHIP,rule_assisted,medium
"@AmazonHelp アカウント凍結して不正アクセスを調べてもらうことになりました。
ありがとうございました。",GENERAL_SUPPORT,rule_assisted,low
"@AmazonHelp how is Amazon going to solve this? By mail, text, call, customer phone service, no one is able to help me https://t.co/jhzCjY2bOw",GENERAL_SUPPORT,rule_assisted,medium
"@AmazonHelp already tried help by mail and still problem persist, please close my account and don't want to be a customer anymore https://t.co/m2g5tP26fX",ACCOUNT_MEMBERSHIP,rule_assisted,medium
"@AmazonHelp no luck it keeps asking for code witch is not sending to my phone can Amazon eliminate the 2 step method, this is so frustrating",GENERAL_SUPPORT,rule_assisted,low
"@AmazonHelp no luck on receiving the code by text or call, will I loose my account, yesterday a phone representative tried to help already https://t.co/Yn5SUBQonU",ACCOUNT_MEMBERSHIP,rule_assisted,medium
@AmazonHelp USAs Amazon. Com,GENERAL_SUPPORT,rule_assisted,low
@AmazonHelp Im not receiving 2step code by text or call in my smartphone can't log in into my account already got help by phone with no luck,ACCOUNT_MEMBERSHIP,rule_assisted,medium
@AmazonHelp They said it was UPS. UPS says they never received the package to deliver ¯\_(ツ)_/¯,DELIVERY_ISSUE,rule_assisted,medium
@AmazonHelp Excelente servicio! Recibí mis paquetes hace un par de minutos!,GENERAL_SUPPORT,rule_assisted,low
@AmazonHelp Solo dice “en reparto” pero no tiene un número de contacto con el repartidor que es de Amazon Services 😩,GENERAL_SUPPORT,rule_assisted,medium
@AmazonHelp No. Como puedo contactarlo,GENERAL_SUPPORT,rule_assisted,medium
@AmazonHelp I have no option but to see if my delivery arrives on the scheduled date. But I will contact customer services if it doesn't arrive on time.,GENERAL_SUPPORT,rule_assisted,low
"@AmazonHelp I would like it replaced not refunded. But the sale is over, and doesn’t look like you have it in stock at the site. What are my other options?",RETURN_REFUND,rule_assisted,medium
@AmazonHelp It's now a police matter. You could check the police report.,GENERAL_SUPPORT,rule_assisted,low
@AmazonHelp And you guys have officially lost me as a customer. Was promised today...was never shipped. Give me my refund please so I may take my business else where. https://t.co/69tW0B5r9H,RETURN_REFUND,rule_assisted,medium
"@AmazonHelp AMZL US Tracking ID TBA566517950000 it says delivered to mail room, I checked the mail and the front offce, the driver listed 1 package, in that one package was my XLR cables...I'm missing the controller.",DELIVERY_ISSUE,rule_assisted,medium
"@AmazonHelp No, I can't check. It shows nothing. And customer service rep was NO help.",GENERAL_SUPPORT,rule_assisted,medium
"@AmazonHelp いえいえ！
問題解決しました！！助かりました、ありがとうございます(´；ω；｀)
はい！これからもお世話になります〜🎶",GENERAL_SUPPORT,rule_assisted,low
@AmazonHelp 親切にどうもありがとうございます(;_;)(;_;),GENERAL_SUPPORT,rule_assisted,low
@AmazonHelp 今までコンビニで支払いが出きるという支払い方法でAmazonさんにお世話になっていたんですけど、選択画面にその支払い方法が表示されなくて、色々いじってみたんですけどどうにも……！,GENERAL_SUPPORT,rule_assisted,low
@AmazonHelp Trying to get a friend's playlist on my Amazon music app but it keeps giving me the following message https://t.co/o6zINm6HBC,PRODUCT_TECHNICAL,rule_assisted,medium
@AmazonHelp いつもお世話になってます(´ω`),GENERAL_SUPPORT,rule_assisted,low
@AmazonHelp Thank you so much once again for kinds of word,GENERAL_SUPPORT,rule_assisted,medium
@AmazonHelp I’m looking to reroute all my packages (except 1) to a nearby Amazon locker. I’ll DM you now :),DELIVERY_ISSUE,rule_assisted,medium
@AmazonHelp hey amazon - please help me :( i hVe tried calling and chatting with y’all but keep hitting walls. DM?,GENERAL_SUPPORT,rule_assisted,medium
@AmazonHelp Solicitud (foto del estado de cuenta),GENERAL_SUPPORT,rule_assisted,low
@AmazonHelp 10 hours ago.,GENERAL_SUPPORT,rule_assisted,low
@AmazonHelp Yes.,GENERAL_SUPPORT,rule_assisted,low
"@AmazonHelp Still not working.  They sent me a link to reset the password, try and sign in with new password and still locked out.",PRODUCT_TECHNICAL,rule_assisted,medium
@AmazonHelp Someone keeps trying to buy playstation cards on my account.  Having a hard time getting customer service,ACCOUNT_MEMBERSHIP,rule_assisted,medium
"@AmazonHelp Danke für die schnelle Antwort... ja, ich werde mal nachfragen, was da schiefgelaufen sein soll. Ihnen auch einen schönen Abend noch.",GENERAL_SUPPORT,rule_assisted,low
"Ach schau an. Meine Bestellung war unzustellbar... @AmazonHelp, was ist da denn passiert? Bekomme ich mein Geld nun wieder?",GENERAL_SUPPORT,rule_assisted,low
@AmazonHelp But why has every item got  3+ days processing time when it's usually next day,ORDER_ISSUE,rule_assisted,medium
@AmazonHelp Trying to place an order this happened before and deleting and rentering my address fixed it but now it's across multiple prime accounts to the same address,ACCOUNT_MEMBERSHIP,rule_assisted,medium
@AmazonHelp live chat down in the UK and as a prime member I cannot t get any items delivered before Tuesday whats going on?,ACCOUNT_MEMBERSHIP,rule_assisted,medium
@AmazonHelp Pago para tener el Prime con vosotros para que me tarden en llegar 10 dias? Reembolsadme la compra y lo compro en cualquier otro sitio,ACCOUNT_MEMBERSHIP,rule_assisted,medium
"@AmazonHelp ご丁寧にありがとうございます！
逆に面白かったので全く問題ないです！ありがとうございます！",GENERAL_SUPPORT,rule_assisted,low
@AmazonHelp I’m trying off my fire stick,SAFETY_ISSUE,rule_assisted,high
@AmazonHelp I’m trying off my fire stick,SAFETY_ISSUE,rule_assisted,high
I go to watch #thebay and episode 7 &amp; 8 aren’t there??? 😭 @117090 @AmazonHelp,GENERAL_SUPPORT,rule_assisted,low
@AmazonHelp Please call me,GENERAL_SUPPORT,rule_assisted,low
@AmazonHelp Or you can provide me with a direct dial number and I’ll call it now,GENERAL_SUPPORT,rule_assisted,low
"@AmazonHelp Thank you. Spoke with customer service who was very nice &amp; helpful &amp; put me straight through to a Competent logistics person who documented issue, researched my acct &amp; was going to contact delivery Svc directly to ensure procedures followed. Time will tell. Thank you.",GENERAL_SUPPORT,rule_assisted,medium
"@AmazonHelp Will do in morning. By the way, I’ve complained about this same issue 3 times and twice before directly to carrier.",DELIVERY_ISSUE,rule_assisted,medium
@AmazonHelp UPS supposed to pick up a return package yesterday and bring return label... never showed.,RETURN_REFUND,rule_assisted,medium
"@AmazonHelp Hecho el procedimiento, lo que me interesa y exijo es que sea devuelto mi dinero puesto que jamás he adquirido algún articulo por este medio",GENERAL_SUPPORT,rule_assisted,low
@AmazonHelp my original echo some time say things without asking here anything ! This is really wired and creepy and scary!!,PRODUCT_TECHNICAL,rule_assisted,medium
@AmazonHelp Well it says arriving today but honestly I know that’s fake as looked last four days and it’s still the same then https://t.co/3T23E69GE0,PRODUCT_QUALITY,rule_assisted,high
@AmazonHelp Thank you but unsure how that’s going to help as just says “put for delivery and arriving today when I know it proberly won’t :/,GENERAL_SUPPORT,rule_assisted,medium
@AmazonHelp Okay....what information do you need to be able to help then???,GENERAL_SUPPORT,rule_assisted,medium
@AmazonHelp The last update was on 22nd Oct saying it’s out for delivery.....you can’t tell me it take a over two weeks to deliver https://t.co/iB2HaSBOqk,DELIVERY_ISSUE,rule_assisted,medium
@AmazonHelp hi I cancelled an item today but the money has not shown back up in my bank yet can you tell me how long it takes?,GENERAL_SUPPORT,rule_assisted,low
"@AmazonHelp I got it sorted out, after multiple phone calls and failed chat sessions (those were horrible btw)",GENERAL_SUPPORT,rule_assisted,low
@AmazonHelp Hello? So how do I contact someone if I can't log in?! I'm really concerned about what is happening with my acct and who has access to it!,GENERAL_SUPPORT,rule_assisted,low
@AmazonHelp I'm UK based. Are the contact details the same?,GENERAL_SUPPORT,rule_assisted,medium
@AmazonHelp It looks as though someone has changed the email address linked to my acct &amp; I can no longer log in. Help!,ACCOUNT_MEMBERSHIP,rule_assisted,medium
Haha @117634 has been sneakily charging me $9.99 SINCE FEBRUARY for a service I never use💩🙈👎 $90 gone!!! Thanks @AmazonHelp,GENERAL_SUPPORT,rule_assisted,medium
@AmazonHelp Had a package scheduled for delivery today and it didn’t come I’m not happy,DELIVERY_ISSUE,rule_assisted,medium
"@AmazonHelp Solved, Thank You",GENERAL_SUPPORT,rule_assisted,medium
"@AmazonHelp Order date
06-Oct-2017
Order #
406-8895581-1413106
Order total
   3,719.00 (1 item) check out yourself",ORDER_ISSUE,rule_assisted,medium
@AmazonHelp What support team are you talking about ? I called twice n they make it sound like they will graciously refund my money. But then nothing,RETURN_REFUND,rule_assisted,medium
@AmazonHelp I have had the hassle to provide my concern on the given link twice and it’s a pain. Use the details I already mentioned. I m not doing it,GENERAL_SUPPORT,rule_assisted,low
@AmazonHelp I have had the hassle to provide my concern on the given link twice and it’s a pain. Use the details I already mentioned. I m not doing it,GENERAL_SUPPORT,rule_assisted,low
@AmazonHelp Incredible! I shouldn’t post my details here Coz it’s public. While you can’t access it being in Amazon! Are you kidding me ?,GENERAL_SUPPORT,rule_assisted,low
"@AmazonHelp Order date
06-Oct-2017
Order #
406-8895581-1413106
Order total
   3,719.00 (delete it again)",ORDER_ISSUE,rule_assisted,medium
"@AmazonHelp Order date
06-Oct-2017
Order #
406-8895581-1413106
Order total
   3,719.00 (delete it again)",ORDER_ISSUE,rule_assisted,medium
@AmazonHelp I've returned several things lately and don't want Amazon to think I'm abusing the return policy.,RETURN_REFUND,rule_assisted,medium
@AmazonHelp I already chatted with help and am still not convinced i'll get the right item because clearly the warehouse workers can't read.,GENERAL_SUPPORT,rule_assisted,low
"@AmazonHelp I have checked there is no email from amazon, and amazon is in safe senders list.",GENERAL_SUPPORT,rule_assisted,low
@AmazonHelp I have filled the details,GENERAL_SUPPORT,rule_assisted,low
"@AmazonHelp Haven’t received any mail, can you please resend mail to __email__",GENERAL_SUPPORT,rule_assisted,low
@AmazonHelp Was sent this item in 6x9 size. Trying to return &amp; UPS did not show up today. I'd keep item if I could get refund for price difference. https://t.co/G1a6por32Z,RETURN_REFUND,rule_assisted,medium
Please explain this @AmazonHelp https://t.co/VJ4d1ii4PH,GENERAL_SUPPORT,rule_assisted,low
@AmazonHelp if thats the case because if I pay for overnight shipping/delivery i expect to get what I paid for.,DELIVERY_ISSUE,rule_assisted,medium
@AmazonHelp if thats the case because if I pay for overnight shipping/delivery i expect to get what I paid for.,DELIVERY_ISSUE,rule_assisted,medium
"@AmazonHelp amazon just doesn’t seem to get it together, poor customer service, warranty is a scam",GENERAL_SUPPORT,rule_assisted,low
"@AmazonHelp I was on the phone for an hour; kids fire tablet not working , warranty is a lie and your agents are rude.",GENERAL_SUPPORT,rule_assisted,low
"@AmazonHelp I have a package that is showing as delivered last Friday, however it has not been and there is no note. Thanks",GENERAL_SUPPORT,rule_assisted,low
@AmazonHelp why doesn't blue light filter work on kids account on the fire kids edition?,SAFETY_ISSUE,rule_assisted,medium
@AmazonHelp I have an order that was supposed to be here on the 25th which has not arrived yet.,DELIVERY_ISSUE,rule_assisted,high
"@AmazonHelp My apologies, it says now that the delivery date is October 31st. Still hasn't come though.",DELIVERY_ISSUE,rule_assisted,medium
@AmazonHelp No package.,DELIVERY_ISSUE,rule_assisted,medium
"@AmazonHelp The tracking indicated as here, and then, it seemed to go back in time, saying it was not here anymore. I believe it's USPS",DELIVERY_ISSUE,rule_assisted,medium
@AmazonHelp did amazon get hacked?,GENERAL_SUPPORT,rule_assisted,low
@AmazonHelp @115766 Can I get a confirmation that it will ship tomorrow?,GENERAL_SUPPORT,rule_assisted,low
"@AmazonHelp Didn’t know I needed to. Is that really a thing?! But still Prime shipping should be 2 days, correct?",ACCOUNT_MEMBERSHIP,rule_assisted,medium
@AmazonHelp The carrier doesn't sell free 2 day shipping as part of a membership. Amazon does.,ACCOUNT_MEMBERSHIP,rule_assisted,medium
"@AmazonHelp I called customer serv, they called usps and the usps rep blamed your routing. The second the usps rep was off the phone Amazon blamed usps",GENERAL_SUPPORT,rule_assisted,low
"@AmazonHelp They did not. The wrinkle is, I board a plane for the U.K. In the am and these items were part of the attire for the wedding im in.",ORDER_ISSUE,rule_assisted,medium
@AmazonHelp Yes,GENERAL_SUPPORT,rule_assisted,low
@AmazonHelp Yes,GENERAL_SUPPORT,rule_assisted,low
@AmazonHelp Yeah I know how to check it. There's no information still,GENERAL_SUPPORT,rule_assisted,medium
@AmazonHelp you keep insisting you havnt taken any money from me dispite proof! #givememymoneyback https://t.co/CeRSmNOEdK,GENERAL_SUPPORT,rule_assisted,low
@AmazonHelp at 7 it said it was out for delivery by 8 pm. It now says sorry for your package being late and will arrive by November 3rd,DELIVERY_ISSUE,rule_assisted,medium
"@AmazonHelp Thanks, I called. The agent says the order has been received, but not shipped. Still anticipate a Friday delivery",GENERAL_SUPPORT,rule_assisted,low
@AmazonHelp Original promised delivery date was yesterday to this Friday.,DELIVERY_ISSUE,rule_assisted,medium
@AmazonHelp it's been 7 days &amp; my @115821 order still hasn't shipped. #fail https://t.co/apV29xdWuM,ORDER_ISSUE,rule_assisted,medium
"@AmazonHelp リプありがとうございます！
それがデビット機能は付いていないので不思議だったのです。

いずれにせよ取り消されるみたいで安心しました！",GENERAL_SUPPORT,rule_assisted,low
@AmazonHelp Should have been today before 8,GENERAL_SUPPORT,rule_assisted,low
@AmazonHelp still have not received my package I paid extra for guaranteed next day. Won't do that again,DELIVERY_ISSUE,rule_assisted,medium
@AmazonHelp when its removed the system says it's inserted but unrecognized. When it's inserted the tablet behaves as though there's no card,GENERAL_SUPPORT,rule_assisted,low
"@AmazonHelp it was doing this a few days ago and a factory reset dixednit, for two days. A hard reboot did not resolve.",GENERAL_SUPPORT,rule_assisted,low
"@AmazonHelp it was doing this a few days ago and a factory reset fixed it, for two days. A hard reboot with card in or out does not resolve.",GENERAL_SUPPORT,rule_assisted,low
@AmazonHelp yes it was due today by 8pm and now its changed to tomorrow or the next couple days... but isn;t there a guarantee?,GENERAL_SUPPORT,rule_assisted,low
@AmazonHelp isn't prime two day shipping supposed to be guaranteed? what happens when its late?,GENERAL_SUPPORT,rule_assisted,low
@AmazonHelp Talked w/ cust. serv. yesterday. Just sent an email from link. Would like a straight answer abt my order.,GENERAL_SUPPORT,rule_assisted,low
"@AmazonHelp At time of order, del date was 10/29. Carrier is AMZL US.",GENERAL_SUPPORT,rule_assisted,low
"@AmazonHelp So much of the programming has changed on Prime. Blues Clues was free, now it's not. Still constantly having problems with my Fire Stick.",SAFETY_ISSUE,rule_assisted,medium
"@AmazonHelp Continued buffering, loss of sound and it doesn't save where I leave off in programming.",GENERAL_SUPPORT,rule_assisted,low
@115821 @AmazonHelp I'm so frustrated w/how things keep changing. Making it hard on POOR people!!! Free isn't free anymore.,GENERAL_SUPPORT,rule_assisted,low
"@AmazonHelp ご親切にどうもありがとうございます。
買おうと思った商品が出品者の意向でキャンセルになり、同じ商品が出品されたまま１万円値段が上がっていました。不可解です。",GENERAL_SUPPORT,rule_assisted,low
"@AmazonHelp お答え、どうもありがとうございました。
出品者を確認の上、これからも利用させて頂きます。",GENERAL_SUPPORT,rule_assisted,low
@AmazonHelp すごっ、チェック早いですねー😸大分前に買った商品ですし、返品の手続きもめんどいんで今回は良いでーす🙋Amazonさん、どうもでーす😸,GENERAL_SUPPORT,rule_assisted,low
"@AmazonHelp Si, es correos y pedí ke viniesen a x el pakete pero me pedian ke me kedase o toda una mañana o toda una tarde en casa pero y mi trabajo??",GENERAL_SUPPORT,rule_assisted,low
@AmazonHelp Es una devolucion,GENERAL_SUPPORT,rule_assisted,low
"@AmazonHelp enviei meu ebook para o premio Kindle às 22h de hoje. Porém, a ferramenta kdp fala q demora 72h pra publicar. Vou concorrer mesmo assim, certo?",PRODUCT_TECHNICAL,rule_assisted,medium
@AmazonHelp Please do it fast,GENERAL_SUPPORT,rule_assisted,low
@AmazonHelp Please do it fast,GENERAL_SUPPORT,rule_assisted,low
@AmazonHelp Please do it fast,GENERAL_SUPPORT,rule_assisted,low
@AmazonHelp Still not got any mail please solve my problem right now.,GENERAL_SUPPORT,rule_assisted,low
@AmazonHelp Not received any email,GENERAL_SUPPORT,rule_assisted,low
@AmazonHelp Not received any email,GENERAL_SUPPORT,rule_assisted,low
@AmazonHelp Done that. Was told I would definitely have it by 9pm yesterday &amp; it's still not been delivered!!!!,DELIVERY_ISSUE,rule_assisted,medium
@AmazonHelp  don't promise a 1 day shipping with a GUARANTEED 8pm delivery when you can't keep it,DELIVERY_ISSUE,rule_assisted,medium
"@AmazonHelp Not in the mailbox, not on the porch, not in my house, not at the neighbors. This was a Prime order, late/lost again.",ACCOUNT_MEMBERSHIP,rule_assisted,medium
"@AmazonHelp Carrier: AMZL US, Tracking #: TBA516106123000",DELIVERY_ISSUE,rule_assisted,medium
"@amazonhelp My order 113-8951188-2020217 says ""Left in mailroom"" but my house doesn't have a mailroom and I've been home all day.",ORDER_ISSUE,rule_assisted,medium
"@AmazonHelp お忙しい中、丁寧にありがとうございます。
申告窓口へ報告します。(｀_´)ゞ",GENERAL_SUPPORT,rule_assisted,low
"@AmazonHelp いえいえ、Amazonさんこそとばっちりの迷惑かけられてお疲れ様ですm(__)m 

詐欺軍団はあの手この手で迷惑極まりないですねヽ(`Д´)ﾉﾌﾟﾝﾌﾟﾝ",GENERAL_SUPPORT,rule_assisted,low
@AmazonHelp Lol that's not my real name. But basically yeah they won't just leave it at my front door. Tomorrow's the final attempt.,GENERAL_SUPPORT,rule_assisted,low
@AmazonHelp how do I inform your delivery drivers to just leave my package at my front door?,GENERAL_SUPPORT,rule_assisted,low
@AmazonHelp AMZL US,GENERAL_SUPPORT,rule_assisted,low
@AmazonHelp My Halloween costume is a day late. Can you help?,GENERAL_SUPPORT,rule_assisted,low
@AmazonHelp Many times..Always got them saying well deliver it by deadline...I hate your service now,DELIVERY_ISSUE,rule_assisted,medium
@AmazonHelp It's point less to actually fill this form.Since you always give me those replies with I'll personally follow up and stuff..,GENERAL_SUPPORT,rule_assisted,low
@AmazonHelp It's point less to actually fill this form.Since you always give me those replies with I'll personally follow up and stuff..,GENERAL_SUPPORT,rule_assisted,low
"@AmazonHelp what the hell is going on?! Today's last day to deliver and still not shipped!!
Should I pledge that I won't ever order from u?!",GENERAL_SUPPORT,rule_assisted,low
@AmazonHelp I already emailed y’all.,GENERAL_SUPPORT,rule_assisted,low
@AmazonHelp Is that a 24 hr line,GENERAL_SUPPORT,rule_assisted,low
@AmazonHelp Nah. Just answer my question please.,GENERAL_SUPPORT,rule_assisted,medium
@AmazonHelp How do I disable notifications indicated by the bell icon in upper left corner of iOS Kindle app?,PRODUCT_TECHNICAL,rule_assisted,medium
"@AmazonHelp Uff, I am continuously trying to tell you that I have already replied and a 24 hr tat for receiving call was given which​ U have failed on",GENERAL_SUPPORT,rule_assisted,low
@AmazonHelp Rather than wasting time here can you please check with your team &amp; confirm whether they have responded. Use basic communication skills Sir,GENERAL_SUPPORT,rule_assisted,low
@AmazonHelp 24 hrs tat was given on written mail on 29th Oct to receive a call but no response since last 60 hrs.Hence we say quality of Amazon has gone,GENERAL_SUPPORT,rule_assisted,low
"@AmazonHelp I have replied Sir, try and understand the gratitude of this event. You are exposing yourself in bad light",GENERAL_SUPPORT,rule_assisted,low
@AmazonHelp I have checked all my mails and had received your last mail on 29th stating you will receive an update in next 24 hrs. No revert received,GENERAL_SUPPORT,rule_assisted,low
"@AmazonHelp I have replied to it many and still have not received any response, sending you a legal notification for closing this fraud business",GENERAL_SUPPORT,rule_assisted,low
"@AmazonHelp Nobody has called till now, why are you sending fake replies",PRODUCT_QUALITY,rule_assisted,high
@AmazonHelp Please reply with necessary resolution...,GENERAL_SUPPORT,rule_assisted,low
@AmazonHelp Please reply with necessary resolution...,GENERAL_SUPPORT,rule_assisted,low
@118506 @AmazonHelp Amazon has lost its credibility by buying cheap products from other portals like ebay and selling over their platform. Really cheap,ORDER_ISSUE,rule_assisted,medium
@118506 @AmazonHelp Amazon has lost its credibility by buying cheap products from other portals like ebay and selling over their platform. Really cheap,ORDER_ISSUE,rule_assisted,medium
@AmazonHelp I have replied dozen of times first check then reply. So silly,GENERAL_SUPPORT,rule_assisted,low
"@AmazonHelp Message from Rahul from Social Media team.
Upon checking your order I see that issue is being handled by Executive Customer Relations team.",ORDER_ISSUE,rule_assisted,medium
@AmazonHelp Can you please update over this quickly,GENERAL_SUPPORT,rule_assisted,low
@AmazonHelp I had replied almost as soon as you posted about the email and sent it. I want to know what action has been taken on my complaint.,GENERAL_SUPPORT,rule_assisted,low
@AmazonHelp I had replied almost as soon as you posted about the email and sent it. I want to know what action has been taken on my complaint.,GENERAL_SUPPORT,rule_assisted,low
@AmazonHelp 6 different emails about the same order and none actually resolve the issue. You should be quite ashamed.,ORDER_ISSUE,rule_assisted,medium
@AmazonHelp the last email i got was the transcript of the last chat that i requested.. you want me to reply to that??,GENERAL_SUPPORT,rule_assisted,low
@AmazonHelp For the third time. I HAVE NO RECENT E-MAIL FROM YOUR SOCIAL MEDIA TEAM.,GENERAL_SUPPORT,rule_assisted,low
"@AmazonHelp Submitted, for the third time for the same issue.",GENERAL_SUPPORT,rule_assisted,low
@AmazonHelp Sorry to have to say this. But you all are idiots. Once more email completely ignoring my query and giving template reply,GENERAL_SUPPORT,rule_assisted,low
@AmazonHelp Can someone please call me. I have responded to multiple emails and surveys now without my question being addressed. This is very annoying.,GENERAL_SUPPORT,rule_assisted,medium
@AmazonHelp asm mentioned before. You all are just idiots.,GENERAL_SUPPORT,rule_assisted,low
@AmazonHelp I have. And I have spoken to customer care again on chat.,GENERAL_SUPPORT,rule_assisted,low
@AmazonHelp Thanks. I wish the same degree of concern were shown about my complaint though.,GENERAL_SUPPORT,rule_assisted,medium
@AmazonHelp May i just add that realising NO ACTION HAS BEEN TAKEN on my complaint is not much fun. Worst customer care EVER ! https://t.co/bHOHPNnZFA,GENERAL_SUPPORT,rule_assisted,low
@AmazonHelp May i just add that realising NO ACTION HAS BEEN TAKEN on my complaint is not much fun. Worst customer care EVER ! https://t.co/bHOHPNnZFA,GENERAL_SUPPORT,rule_assisted,low
@AmazonHelp I have asked the customer care exec on phone to cancel the order. Don't want to waste any more of my time on this.,ORDER_ISSUE,rule_assisted,medium
@AmazonHelp I am now cancelling this order because your delivery service just sucks despite prime membership. Switching to @118702 for future.,ACCOUNT_MEMBERSHIP,rule_assisted,medium
@AmazonHelp I am now cancelling this order because your delivery service just sucks despite prime membership. Switching to @118702 for future.,ACCOUNT_MEMBERSHIP,rule_assisted,medium
@AmazonHelp This has been the most frustrating and useless customer service ever.,GENERAL_SUPPORT,rule_assisted,low
"@AmazonHelp After getting a confirmation that it will be delivered post 7 pm, i have got an email at 1:30 in the afternoon that i was not available !",ORDER_ISSUE,rule_assisted,medium
@AmazonHelp É o livro Os arquivos secretos do homem morcego. Simplesmente magnífico,GENERAL_SUPPORT,rule_assisted,low
"@AmazonHelp yes spoke w/ customer service, still canceling my prime though since it does literally nothing apparently",GENERAL_SUPPORT,rule_assisted,low
"@AmazonHelp Yes, butvthey lied. Told me carrier and said they would contact and call me back. The never called. I hsdvto make 2 additional calls",GENERAL_SUPPORT,rule_assisted,low
"Hi @AmazonHelp, I’ve purchased something via your app and it’s broken! How can I get it replaced?",PRODUCT_QUALITY,rule_assisted,medium
@AmazonHelp Schnippig ist sie auch noch? Wird ja immer interessanter 😅,GENERAL_SUPPORT,rule_assisted,low
@AmazonHelp when do you guys charge for the Xbox one X I preordered? It ships the 6th.,PAYMENT_BILLING,rule_assisted,medium
@AmazonHelp https://t.co/saX0kAZVCW!,GENERAL_SUPPORT,rule_assisted,low
@AmazonHelp here is the email. Conflicting answers from others in similar situations online. https://t.co/9zbCqLzokH,GENERAL_SUPPORT,rule_assisted,low
@AmazonHelp here is the email. Conflicting answers from others in similar situations online. https://t.co/9zbCqLzokH,GENERAL_SUPPORT,rule_assisted,low
@AmazonHelp you have wasted one month by bullsh****g me. now i am being told itvis out of warranty. issue is reported yo @79087 under warranty.,GENERAL_SUPPORT,rule_assisted,low
@AmazonHelp i have already done it. your reps dont even check any back data they just rape the customers.,GENERAL_SUPPORT,rule_assisted,low
"@AmazonHelp same reply again and again. if the complaint is raised under warranty period and if @2005 wont solve it, how is it out of warranty?",GENERAL_SUPPORT,rule_assisted,low
"@AmazonHelp same reply again and again. if the complaint is raised under warranty period and if @2005 wont solve it, how is it out of warranty?",GENERAL_SUPPORT,rule_assisted,low
"@AmazonHelp so after wasting more than 1.5 month, now you are telling me the product is out of warranty. i had gone to iball 1.5 months back .",GENERAL_SUPPORT,rule_assisted,low
@AmazonHelp done.,GENERAL_SUPPORT,rule_assisted,low
@AmazonHelp all emails already shared with earlier tweet. https://t.co/2sVFZ4iG9Q,GENERAL_SUPPORT,rule_assisted,low
@AmazonHelp yeah and i will get it after i murder service center owner. I would rather throw this product in dumpster and let wll india know abt u cheat,GENERAL_SUPPORT,rule_assisted,low
"@AmazonHelp so basically you are stealing money from small customers. @115851 count your money, its growing. THIEVES.",GENERAL_SUPPORT,rule_assisted,low
"@AmazonHelp why are you removimg @79087 from your tweets? I have official email from @79087 they dont care , they did not sell this product.",GENERAL_SUPPORT,rule_assisted,low
@AmazonHelp I have visited multiple times. why would a sc change uts policy to meet ur unreasonable demands? this issue is ongoing since 1.5 months.,GENERAL_SUPPORT,rule_assisted,low
"@AmazonHelp @115851 @115821 If iball declines my request, I cannot threaten @79087 into providing one.",GENERAL_SUPPORT,rule_assisted,low
"@AmazonHelp @115851 @115821 If iball declines my request, I cannot threaten @79087 into providing one.",GENERAL_SUPPORT,rule_assisted,low
@AmazonHelp is there a way to know if the Amazon gift cards I send are being used?,GENERAL_SUPPORT,rule_assisted,low
@AmazonHelp Update ??? What your internal investigation repors tell you ??,GENERAL_SUPPORT,rule_assisted,low
@AmazonHelp So what have you decided my dear @115850 @115821 ?? By this time you should've known the entire issue.I'm expecting a response from you,GENERAL_SUPPORT,rule_assisted,low
"@AmazonHelp Worse part, customer support thought it was coming today too, which I reached out at 4:30 pm",GENERAL_SUPPORT,rule_assisted,medium
@AmazonHelp I talked on the phone to someone who offered 10 percent off but that isn't on the account yet.  Still don't know delivery date.,ACCOUNT_MEMBERSHIP,rule_assisted,medium
@AmazonHelp It doesn't say.  It shows it hasn't shipped yet.,GENERAL_SUPPORT,rule_assisted,low
@AmazonHelp Nothing on my order on your web site.,ORDER_ISSUE,rule_assisted,medium
"@AmazonHelp Please simply answer my question.  I am not an AmazonFresh customer, just a condominium unit owner inconvenienced by UR customers  &amp;trying 2 figure out how we can all accommodate one another.  Y R U making this so complicated? Direct message me with UR contact info.",GENERAL_SUPPORT,rule_assisted,medium
"@AmazonHelp Who's security?  UR asking 4 MY personal details.  Surely U have company phone #s that aren't ""personal.""  This is absurd. I'm TRYING 2 work w/U people. Y do U make it so hard?  May I be referred to a mgr who isn't afraid 2 speak w/an intelligent, reasonable woman 2 work out sols",GENERAL_SUPPORT,rule_assisted,medium
"@AmazonHelp Don't be silly.  Read the Tweet!  I NEED 2 KNOW HOW U INSTRUCT CUSTOMERS.

What is the plan?  We've tenants who think they've the rite 2 store empty AF totes in the common area presumably awaiting PickUp 10+ days is 10 days longer that the small front hall common area can handle.",GENERAL_SUPPORT,rule_assisted,low
@AmazonHelp We have 2 work 2gether to accommodate UR new service.  I simply need 2 know how exactly U instruct AF customers re disposition of the large green insulated carriers.  Not a difficult question--need the written instrux.,GENERAL_SUPPORT,rule_assisted,low
@AmazonHelp Today; 1st November. Or I wouldn't have ordered. I needed them to arrive at mums today so she can bring to me urgently in hospital tonight.,ORDER_ISSUE,rule_assisted,medium
"Placed order today, said delivery would be Wed but just received email saying it'll be Thurs now? I'm a prime customer @AmazonHelp. Unhappy!",ACCOUNT_MEMBERSHIP,rule_assisted,medium
@AmazonHelp Yes. You definitely missed my delivery date. Twice. Also your call center staff seems to have no understanding of how mail delivery works.,DELIVERY_ISSUE,rule_assisted,medium
@AmazonHelp @115821 consider leaving the delivery of packages to the experts at @115817 or @81. Obvious decline in service when it’s @115821 logistics.,DELIVERY_ISSUE,rule_assisted,medium
"@AmazonHelp ordered what was on the box for my sister’s wedding gift, that’s what came out of the box. What gives?! https://t.co/8jX9A0Ipcu",ORDER_ISSUE,rule_assisted,medium
@AmazonHelp ありがとうございました,GENERAL_SUPPORT,rule_assisted,low
@AmazonHelp no body inform me. once u return that parcel. please send the tracking id or parcel details. but after 10days i call amazon custamare care,RETURN_REFUND,rule_assisted,medium
.@115850 @AmazonHelp thanks for no replies whatsoever on my complaint.an you please tell me what more should I do? @119351 @1015,GENERAL_SUPPORT,rule_assisted,medium
.@115850 @AmazonHelp thanks for no replies whatsoever on my complaint.an you please tell me what more should I do? @119351 @1015,GENERAL_SUPPORT,rule_assisted,medium
@AmazonHelp Please don't help.u have very useless process of helping.if u want plz refund me atleast in time which is also now least expected,RETURN_REFUND,rule_assisted,medium
@AmazonHelp Please don't help.u have very useless process of helping.if u want plz refund me atleast in time which is also now least expected,RETURN_REFUND,rule_assisted,medium
@AmazonHelp Seriously!!! Ur customer service already told me cancel d order .. Amazon can't do anything to it..n till now it's showing expected on 25th👏,ORDER_ISSUE,rule_assisted,medium
@AmazonHelp 408-9273159-6369903.replacement ordered from 24th Oct.no1 contact me.Really worst courier service from Amazon,GENERAL_SUPPORT,rule_assisted,low
@AmazonHelp 408-9273159-6369903.replacement ordered from 24th Oct.no1 contact me.Really worst courier service from Amazon,GENERAL_SUPPORT,rule_assisted,low
@AmazonHelp 408-9273159-6369903.replacement ordered from 24th Oct.no1 contact me.Really worst courier service from Amazon,GENERAL_SUPPORT,rule_assisted,low
@AmazonHelp Order details!!! https://t.co/Rapb0ePnLK,ORDER_ISSUE,rule_assisted,medium
@AmazonHelp Order details!!! https://t.co/Rapb0ePnLK,ORDER_ISSUE,rule_assisted,medium
@AmazonHelp I did...which said WE CANNOT DO ANYTHING...same as customer service...which triggered My reply...I am just asking basic question here,GENERAL_SUPPORT,rule_assisted,medium
@AmazonHelp I have replied to the email... lets see if I can get positive and useful response atleast once after so much escalation @115851,GENERAL_SUPPORT,rule_assisted,low
@AmazonHelp @115851 @115850 @115821 so the social media escalation team is equally useless as the customer service team...hats off to incompetence,GENERAL_SUPPORT,rule_assisted,low
@AmazonHelp I have inked in detail at the given URL...hope to see some useful action,GENERAL_SUPPORT,rule_assisted,low
"@115850 @115821 @AmazonHelp I waited 15 days,sent 10 email,was assured tht case escalted,todays response WE CANNOT HELP,customer service?",GENERAL_SUPPORT,rule_assisted,medium
"Hi @AmazonHelp, when I placed my order I requested a VAT receipt either via email or post but I still haven’t had one?",GENERAL_SUPPORT,rule_assisted,low
@AmazonHelp Hey so my package has not arrived yet. Can I get this sorted please,DELIVERY_ISSUE,rule_assisted,high
@AmazonHelp You have and it’s been pushed (again) to Friday or possibly Saturday or god forbid Monday. Was told it would be diverted by 8pm tonight.,GENERAL_SUPPORT,rule_assisted,low
"#SuperValueDayQuiz

Where is the result of super value day quiz conducted on Oct 1 and 2 ? @AmazonHelp",GENERAL_SUPPORT,rule_assisted,low
"@AmazonHelp ""Refused shipment - on the way back.""",DELIVERY_ISSUE,rule_assisted,medium
"@AmazonHelp It was Amazon Logistics.  But the device never made it to them and ""guaranteed Oct 31"" slipped to ""expected Nov 1-2"".",PRODUCT_TECHNICAL,rule_assisted,medium
@AmazonHelp Yes i have received reference number,GENERAL_SUPPORT,rule_assisted,low
"@AmazonHelp Details sent, haven't received any communication from your side",GENERAL_SUPPORT,rule_assisted,low
"@AmazonHelp Order no - 403-7559101-5645129 
Return reference - 710398288491
Article name - puma shoes",RETURN_REFUND,rule_assisted,medium
"@AmazonHelp Order no - 403-7559101-5645129 
Return reference - 710398288491
Article name - puma shoes",RETURN_REFUND,rule_assisted,medium
@AmazonHelp How many times will the pick-up be rescheduled? https://t.co/oQuGBF84QS,GENERAL_SUPPORT,rule_assisted,low
@AmazonHelp How many times will the pick-up be rescheduled? https://t.co/oQuGBF84QS,GENERAL_SUPPORT,rule_assisted,low
@AmazonHelp How many times will the pick-up be rescheduled? https://t.co/oQuGBF84QS,GENERAL_SUPPORT,rule_assisted,low
@AmazonHelp Hi. This is where I'm stuck. When will you initiate the pick up? https://t.co/bVTocnrC1k,GENERAL_SUPPORT,rule_assisted,medium
Hey @115850 @AmazonHelp I need an update on my refund! Can you help?,RETURN_REFUND,rule_assisted,medium
@AmazonHelp You have all my details. Please expedite the process,GENERAL_SUPPORT,rule_assisted,low
@AmazonHelp have a query regarding cash back during 14-17 October sale. Email/DM ?,GENERAL_SUPPORT,rule_assisted,low
@AmazonHelp Where do I send it to?,GENERAL_SUPPORT,rule_assisted,low
Thanks @AmazonHelp for solving my issue . But after 8 day it's really long time you took to solve . But #thanks,GENERAL_SUPPORT,rule_assisted,medium
@AmazonHelp My order is due to arrive on Friday,ORDER_ISSUE,rule_assisted,medium
@AmazonHelp Ahhh okay makes sense :) thank you! I hope my package comes Friday 🙌,GENERAL_SUPPORT,rule_assisted,low
@AmazonHelp Ur customer care didnt provide me a correct answer,GENERAL_SUPPORT,rule_assisted,low
@AmazonHelp Bought a washing machine from Amazon and had a nightmare getting it installed. Neither you guys or the brand was helpful.,GENERAL_SUPPORT,rule_assisted,low
@AmazonHelp Bought a washing machine from Amazon and had a nightmare getting it installed. Neither you guys or the brand was helpful.,GENERAL_SUPPORT,rule_assisted,low
@AmazonHelp And there was no indication that they had re-attempted delivery,DELIVERY_ISSUE,rule_assisted,medium
@AmazonHelp Intelcom Express. I couldn't contact them last night since I got home after their operating hours. Sent them an email this morning,GENERAL_SUPPORT,rule_assisted,medium
@AmazonHelp somehow Siri can turn off my lights but Alexa is incapable. #pleasefixit #buggedupdate https://t.co/wLNncaWcX1,PRODUCT_TECHNICAL,rule_assisted,medium
@AmazonHelp Not impressed with Amazon Logistics. Computer parts delayed a week and a refund is the only option? Really disappointed.,RETURN_REFUND,rule_assisted,medium
@AmazonHelp Yes you have missed the deadline which was set at the time of purchase. After missing that deadline you have given me a new deadline now,GENERAL_SUPPORT,rule_assisted,low
@AmazonHelp Yes you have missed the deadline which was set at the time of purchase. After missing that deadline you have given me a new deadline now,GENERAL_SUPPORT,rule_assisted,low
@AmazonHelp Pls call me on 9820255387,GENERAL_SUPPORT,rule_assisted,low
@AmazonHelp Pls call me on 9820255387,GENERAL_SUPPORT,rule_assisted,low
"@119356 @AmazonHelp     horrible service, lousy customer care, non existent courier phone numbers. So much for becoming a Prime customer!",ACCOUNT_MEMBERSHIP,rule_assisted,medium
@AmazonHelp What’s the point in me paying for prime shipping when things are just going to show up days after their estimates? No confidence.,ACCOUNT_MEMBERSHIP,rule_assisted,medium
"@AmazonHelp お返事ありがとうございます。
確認してみたところ、金額が不足していたみたいでした。無事に注文ができました！
丁寧な説明ありがとうございます。助かりました。",GENERAL_SUPPORT,rule_assisted,low
@AmazonHelp こんにちは。先日Amazonギフト券チャージのやり方を教えていただいた者です。チャージが終了しアカウントに登録されたのですが、買い物でお支払い方法のコード入力とはどこに書かれてあるのですか？「次に進む」が表示されず買い物できません。どうすれば良いですか？,GENERAL_SUPPORT,rule_assisted,low
@AmazonHelp The link didnt go to app instead asked me to buy movies :-) I am looking for those on Amazon prime. Search function said did not exist,GENERAL_SUPPORT,rule_assisted,low
@AmazonHelp @AmazonHelp The link you sent me this page opens and in its settings I can't find where to change country to India. https://t.co/IXCPlZlzHs,GENERAL_SUPPORT,rule_assisted,low
"@AmazonHelp installed the alexa app,but it doesn't take my India address alexa weather gives me report of Seattle instead of Pune.",PRODUCT_TECHNICAL,rule_assisted,medium
"@AmazonHelp installed the alexa app,but it doesn't take my India address alexa weather gives me report of Seattle instead of Pune.",PRODUCT_TECHNICAL,rule_assisted,medium
@AmazonHelp No one knows what to do to get my refund back to me! https://t.co/q71Ycboikm,RETURN_REFUND,rule_assisted,medium
@AmazonHelp fuck you guys. Canceling Prime. Not gonna do business with you guys ever again.,ACCOUNT_MEMBERSHIP,rule_assisted,medium
@AmazonHelp Did I get a call? No. Being a Prime member means paying someone to treat you like shit. Twice!,ACCOUNT_MEMBERSHIP,rule_assisted,medium
@AmazonHelp I think this is pretty crappy!,GENERAL_SUPPORT,rule_assisted,low
@AmazonHelp Would like to thankyou for ur efforts..amount credited back to my account today.!!,ACCOUNT_MEMBERSHIP,rule_assisted,medium
"@AmazonHelp Response in mail is just asking to wait n m doing that since last 1 month..it's more than 15 days on Twitter n u doing the same
No solution",GENERAL_SUPPORT,rule_assisted,low
@AmazonHelp No..!!,GENERAL_SUPPORT,rule_assisted,low
"@AmazonHelp How much more time is needed?
I think everything is online..
Is ur seller not responding? Or approval is needed from any ministry?",PRODUCT_TECHNICAL,rule_assisted,medium
"@AmazonHelp That's what m doing n u making me believe more that refund policy by Amazon in India is really poor..!
Ur seller is even not taking calls nw",RETURN_REFUND,rule_assisted,medium
"@AmazonHelp That's what m doing n u making me believe more that refund policy by Amazon in India is really poor..!
Ur seller is even not taking calls nw",RETURN_REFUND,rule_assisted,medium
@AmazonHelp Did the same..but din't get any response..n ur chat executive says we don't have any record of u..,GENERAL_SUPPORT,rule_assisted,low
"@AmazonHelp Last mail rec'd on 09.10.2017 stating refund will be in my account by 14.10.2017
Bt same not rec'd.",GENERAL_SUPPORT,rule_assisted,low
"@AmazonHelp All m getting is apologies but no refund.. everything is online, unable to understand the delay!!",RETURN_REFUND,rule_assisted,medium
"@AmazonHelp form has been filled awaiting for a solution n refund. I have already invested my energy in explaining before, kindly treat it urgent.",RETURN_REFUND,rule_assisted,medium
@AmazonHelp Now with #fraud u guyz have started #lying as well not even a single call has come from your team #poorcustomerservice #fraud https://t.co/JDr9VTOeGa,GENERAL_SUPPORT,rule_assisted,low
@AmazonHelp Is there a human working there or robots cant u see i have replied twice guyzzz pls call on 8424869098 #poorcustomerservice #fraud #complain,GENERAL_SUPPORT,rule_assisted,low
@AmazonHelp Is there a human working there or robots cant u see i have replied twice guyzzz pls call on 8424869098 #poorcustomerservice #fraud #complain,GENERAL_SUPPORT,rule_assisted,low
@AmazonHelp Is there a human working there or robots cant u see i have replied twice guyzzz pls call on 8424869098 #poorcustomerservice #fraud #complain,GENERAL_SUPPORT,rule_assisted,low
@AmazonHelp Amazon its a complete fraud now u are saying u will ship till 7th please for god sake #help #cancelorder #refund #fraud #poorcustomerservice https://t.co/riuEM7g6om,RETURN_REFUND,rule_assisted,medium
@AmazonHelp Amazon its a complete fraud now u are saying u will ship till 7th please for god sake #help #cancelorder #refund #fraud #poorcustomerservice https://t.co/riuEM7g6om,RETURN_REFUND,rule_assisted,medium
@AmazonHelp Do u hav brain the product is taking more then a week to reach me and i am #primememeber and can u read i need a #refund now i dnt #trust,GENERAL_SUPPORT,rule_assisted,low
@AmazonHelp Do u hav brain the product is taking more then a week to reach me and i am #primememeber and can u read i need a #refund now i dnt #trust,GENERAL_SUPPORT,rule_assisted,low
@AmazonHelp Do u hav brain the product is taking more then a week to reach me and i am #primememeber and can u read i need a #refund now i dnt #trust,GENERAL_SUPPORT,rule_assisted,low
@AmazonHelp This says will be reaching please can some one really #help me I promise wont make any further purchase with #Amazon #help #shameful https://t.co/yuU8kSbKOs,GENERAL_SUPPORT,rule_assisted,low
@AmazonHelp Guyzzz i have not received any mail have some common sense if i would i have received it why the f*** i would hav not replied #CommonSense,GENERAL_SUPPORT,rule_assisted,low
@AmazonHelp When will i be getting a refund of this product #help #pleasebesensable https://t.co/gGgeU6tmhP,RETURN_REFUND,rule_assisted,medium
@AmazonHelp How shameful u guyzz are when product is replaced it come on friday and if i purchase a new it comes tom #complain #amazoneisfraud https://t.co/smxpZ6oidm,ORDER_ISSUE,rule_assisted,medium
@AmazonHelp Most #pethetic service right look at the time i am waiting since 2 days and guess wat I am a #primemember #badservice #refund https://t.co/KKsr3XCfjz,GENERAL_SUPPORT,rule_assisted,low
@AmazonHelp The moment I tweeted you guyz i got a call from ur agent stating that he will pickup the product tomorrow really bad service #complain,GENERAL_SUPPORT,rule_assisted,low
@115821 @115850 @AmazonHelp req a replace for one of my purchase it was scheduled for today between 10 to 1 its 3 no one has come #help,GENERAL_SUPPORT,rule_assisted,low
"@AmazonHelp Ordered last Friday, still not here.",ORDER_ISSUE,rule_assisted,medium
@AmazonHelp My guaranteed delivery date was Monday.,DELIVERY_ISSUE,rule_assisted,medium
@AmazonHelp USPS still doesn't have it. Said it departed your facility Sunday. Then said it again yesterday.,GENERAL_SUPPORT,rule_assisted,low
@AmazonHelp Hi ...enough mails done but response is very discouraging... contact me on call,GENERAL_SUPPORT,rule_assisted,medium
@AmazonHelp Hi ...enough mails done but response is very discouraging... contact me on call,GENERAL_SUPPORT,rule_assisted,medium
@AmazonHelp No updates even after 2 weeks....poor n shame on Amazon...#JeffBezos https://t.co/L7ZGVDnJA9,GENERAL_SUPPORT,rule_assisted,low
@AmazonHelp I already replied on mails..no more mails...I have seen the way Amazon handled the situation...call me &amp; clear can it done or not,GENERAL_SUPPORT,rule_assisted,low
@AmazonHelp I already replied on mails..no more mails...I have seen the way Amazon handled the situation...call me &amp; clear can it done or not,GENERAL_SUPPORT,rule_assisted,low
@AmazonHelp Many mails done...need clarification on what I asked...why 500 deposited as compensation..why no action against seller &amp; brand,GENERAL_SUPPORT,rule_assisted,low
@AmazonHelp Many mails done...need clarification on what I asked...why 500 deposited as compensation..why no action against seller &amp; brand,GENERAL_SUPPORT,rule_assisted,low
@AmazonHelp No updates no mailed issue...pure ignorance....,GENERAL_SUPPORT,rule_assisted,low
@AmazonHelp Not satisfied,GENERAL_SUPPORT,rule_assisted,low
@AmazonHelp Great response by Amazon.... compensation of 500 INR...no legal action against seller &amp; brand #JeffBezos https://t.co/JmwhiGX814,GENERAL_SUPPORT,rule_assisted,low
@AmazonHelp Already shared...,GENERAL_SUPPORT,rule_assisted,low
@AmazonHelp One word for Amazon... Pathetic...,GENERAL_SUPPORT,rule_assisted,low
@AmazonHelp Stop asking non sense. it's been mid of the day providing hell of details but no response yet. Not even Surya Flames responded #JeffBezos,GENERAL_SUPPORT,rule_assisted,low
@AmazonHelp Stop asking non sense. it's been mid of the day providing hell of details but no response yet. Not even Surya Flames responded #JeffBezos,GENERAL_SUPPORT,rule_assisted,low
@AmazonHelp U people not even understanding the situation...there was fire on stove n if cylinder got fired what worst could happened...,SAFETY_ISSUE,rule_assisted,high
@AmazonHelp U people not even understanding the situation...there was fire on stove n if cylinder got fired what worst could happened...,SAFETY_ISSUE,rule_assisted,high
"@AmazonHelp Order id-407-2808023-6902735
Mails already done",ORDER_ISSUE,rule_assisted,medium
"@AmazonHelp Order id-407-2808023-6902735
Mails already done",ORDER_ISSUE,rule_assisted,medium
"@AmazonHelp Order id-407-2808023-6902735
Mails already done",ORDER_ISSUE,rule_assisted,medium
@AmazonHelp Because of Amazon I purchased a product which blasted on day one...n u people asking me to keep cool...where is Surya flames #suryaflam1,ORDER_ISSUE,rule_assisted,medium
@AmazonHelp Do u think it's just normal happening???this is real happened with me...do you still think it's not worth to show quality of product,GENERAL_SUPPORT,rule_assisted,low
@AmazonHelp Do u think it's just normal happening???this is real happened with me...do you still think it's not worth to show quality of product,GENERAL_SUPPORT,rule_assisted,low
@AmazonHelp @119704  https://t.co/rUjHdeMm9G,GENERAL_SUPPORT,rule_assisted,low
@AmazonHelp @119704  https://t.co/rUjHdeMm9G,GENERAL_SUPPORT,rule_assisted,low
"@AmazonHelp I am getting any mails nor any calls from u.
If not able to solve let me know...I ll uninstall Amazon n share my feedback with others too",GENERAL_SUPPORT,rule_assisted,low
@AmazonHelp As compensation you are giving me 500 InR in account.. shame &amp; unethical...,ACCOUNT_MEMBERSHIP,rule_assisted,medium
@AmazonHelp I already replied on mails...u people just wasting time nothing else.. no action has been taken against seller n brand...as a compensation,GENERAL_SUPPORT,rule_assisted,low
"'Hey @AmazonHelp i haven't received my ""delivered"" order.' 
'Did you check around your house' lmao https://t.co/w6FRcwmoFX",GENERAL_SUPPORT,rule_assisted,low
@AmazonHelp Kindly share my contact number 9800019281 to ur team to contact me,GENERAL_SUPPORT,rule_assisted,medium
@AmazonHelp Kindly share my contact number 9800019281 to ur team to contact me,GENERAL_SUPPORT,rule_assisted,medium
@AmazonHelp See after getting amount it happens that eveyone become unable in assisting.,GENERAL_SUPPORT,rule_assisted,low
@AmazonHelp See after getting amount it happens that eveyone become unable in assisting.,GENERAL_SUPPORT,rule_assisted,low
@AmazonHelp Thats why i writing here that rest of the people shd know about your services and how you r making fool on name of prime,ACCOUNT_MEMBERSHIP,rule_assisted,medium
@AmazonHelp Thats why i writing here that rest of the people shd know about your services and how you r making fool on name of prime,ACCOUNT_MEMBERSHIP,rule_assisted,medium
"@AmazonHelp I dont need to contact u now, it is as mistake take that i paid for Prime.",ACCOUNT_MEMBERSHIP,rule_assisted,medium
"@AmazonHelp I dont need to contact u now, it is as mistake take that i paid for Prime.",ACCOUNT_MEMBERSHIP,rule_assisted,medium
@AmazonHelp Kindly note i will not received or accept my last order. I have choosen COD but due bad service of Prime i will not accept,ACCOUNT_MEMBERSHIP,rule_assisted,medium
@AmazonHelp Kindly note i will not received or accept my last order. I have choosen COD but due bad service of Prime i will not accept,ACCOUNT_MEMBERSHIP,rule_assisted,medium
@AmazonHelp I dont want to change my order but will not accept. Order # 403-3917499-2913904,ORDER_ISSUE,rule_assisted,high
@AmazonHelp I dont want to change my order but will not accept. Order # 403-3917499-2913904,ORDER_ISSUE,rule_assisted,high
@AmazonHelp Kindly return my prime membership amount,GENERAL_SUPPORT,rule_assisted,low
@AmazonHelp When i was not a member everything was under gaurantied delivery and once i paid for membership facility is limited,ACCOUNT_MEMBERSHIP,rule_assisted,medium
@AmazonHelp After prime membership gaurantied delivery option has vanished now,ACCOUNT_MEMBERSHIP,rule_assisted,medium
@AmazonHelp After prime membership gaurantied delivery option has vanished now,ACCOUNT_MEMBERSHIP,rule_assisted,medium
"@AmazonHelp No use of prime membership, return my money",GENERAL_SUPPORT,rule_assisted,low
@AmazonHelp Pathetic reply by your caller,GENERAL_SUPPORT,rule_assisted,low
@AmazonHelp None of your links are taking me to a solution. Been after this since 3 days. Most pathetic service ever. You guys shall call me ASAP! (1/2),GENERAL_SUPPORT,rule_assisted,low
@AmazonHelp This form also has a tab which asks for the email address associated with my Amazon account but there is NONE. How do I fill in that? Urghh,ACCOUNT_MEMBERSHIP,rule_assisted,medium
@AmazonHelp This form also has a tab which asks for the email address associated with my Amazon account but there is NONE. How do I fill in that? Urghh,ACCOUNT_MEMBERSHIP,rule_assisted,medium
@AmazonHelp This form also has a tab which asks for the email address associated with my Amazon account but there is NONE. How do I fill in that? Urghh,ACCOUNT_MEMBERSHIP,rule_assisted,medium
"@AmazonHelp This is very irritating. When I request a call, each time on the call it says, you don't have any order. For more info visit website. Poor!",GENERAL_SUPPORT,rule_assisted,low
"@AmazonHelp I am unable to drop you a mail through this link as there's no email id associated with this account, it's a mobile account. Facing trouble.",ACCOUNT_MEMBERSHIP,rule_assisted,medium
@AmazonHelp I have replied to the mail also check it and provide some useful reply,GENERAL_SUPPORT,rule_assisted,low
Going to take this in the consumer court...total fraud from amazon @AmazonHelp i will sue you guys for this ... https://t.co/R8hCqnIS4i,GENERAL_SUPPORT,rule_assisted,low
@AmazonHelp Please find attached screenshot https://t.co/uivHzbY3JE,GENERAL_SUPPORT,rule_assisted,low
@AmazonHelp I have shared the details I need immediate solution for this I have to give order today,ORDER_ISSUE,rule_assisted,medium
@AmazonHelp Still I didn't received any update from your end. I have to book order today,ORDER_ISSUE,rule_assisted,medium
@AmazonHelp Afternoon only I have replied. I have screenshot also. Till now I didn't received any update. After doing regular follow-up also no action,GENERAL_SUPPORT,rule_assisted,low
@AmazonHelp Till now also I don't received any update from your end,GENERAL_SUPPORT,rule_assisted,low
@AmazonHelp Till now also I don't received any update from your end,GENERAL_SUPPORT,rule_assisted,low
@AmazonHelp This is my account only. How you can say this is duplicate account.,ACCOUNT_MEMBERSHIP,rule_assisted,medium
@AmazonHelp I unable to add money to my Amazon wallet. I called customer service but no action since one month,GENERAL_SUPPORT,rule_assisted,low
@AmazonHelp wht explanation would you like 2 gv now as mor order got cancelled n products r returned back after waiting 4 mor thn two weeks?,RETURN_REFUND,rule_assisted,medium
@AmazonHelp whts benefit? chatted wth 1 of ur executive. aprt fr4 Sorry n Apology he has nothing 2 offer. if u cn do something better thn reply or leave,GENERAL_SUPPORT,rule_assisted,low
"@AmazonHelp apologies only dnt work. why last tim i was gvn assurance tht i wont repeat and now it happened again, whts your excuse now?",GENERAL_SUPPORT,rule_assisted,low
@AmazonHelp I have a samsung and roku tvs. On both models I have trouble watching. The roku the most. The samsung is better but I've experienced buffer,GENERAL_SUPPORT,rule_assisted,low
@AmazonHelp The pick up has been arranged 5 times now and cancelled at the last moment without citing any reason!,GENERAL_SUPPORT,rule_assisted,low
@AmazonHelp It is a doorstep pick up but I need to bear the charges for the courier while I am struggling to get a refund for the already paid order,GENERAL_SUPPORT,rule_assisted,low
@AmazonHelp #pathetic customer service. New low in e-commerce. Trying to raise a return request 5 times. #Fail,RETURN_REFUND,rule_assisted,medium
@AmazonHelp Did you guys do anything?,GENERAL_SUPPORT,rule_assisted,low
@AmazonHelp Did you guys do anything?,GENERAL_SUPPORT,rule_assisted,low
"@AmazonHelp @7108 Found error on website, one click on $4.85 makes it $285 on card select screen https://t.co/zrzUwV6Cl1",GENERAL_SUPPORT,rule_assisted,low
"@AmazonHelp @7108 Found error on website, one click on $4.85 makes it $285 on card select screen https://t.co/zrzUwV6Cl1",GENERAL_SUPPORT,rule_assisted,low
@AmazonHelp I need a solution why u r not helping consumers on self return things. M not bought product to self return. Why Amazon allows such seller,RETURN_REFUND,rule_assisted,medium
@AmazonHelp I need a solution why u r not helping consumers on self return things. M not bought product to self return. Why Amazon allows such seller,RETURN_REFUND,rule_assisted,medium
@AmazonHelp Also concern how I get my shipping charges back once self return product?,GENERAL_SUPPORT,rule_assisted,low
@AmazonHelp Thanks a lot for helping your consumers we always grateful to u. There is no online shopping app where problems not occur but to help,GENERAL_SUPPORT,rule_assisted,low
@AmazonHelp @115850 I have bought a product and now it's size is not matching I want to return it and also requested return process.,RETURN_REFUND,rule_assisted,medium
@AmazonHelp @115850 I have bought a product and now it's size is not matching I want to return it and also requested return process.,RETURN_REFUND,rule_assisted,medium
@AmazonHelp @115850 I have bought a product and now it's size is not matching I want to return it and also requested return process.,RETURN_REFUND,rule_assisted,medium
"@AmazonHelp #unprofessional order id # 
403-7503264-7181114,403-8300003-6354735,403-5491238-8117144",ORDER_ISSUE,rule_assisted,medium
"@AmazonHelp #unprofessional order id # 
403-7503264-7181114,403-8300003-6354735,403-5491238-8117144",ORDER_ISSUE,rule_assisted,medium
"@AmazonHelp Being #harrassed by the delivery guys for days, reached out to customer service multiple times but hardly any resolution !",DELIVERY_ISSUE,rule_assisted,medium
"@AmazonHelp Oh you are so considerate, then why can't you treat the orders you take with same consideration, #Awful customer service",ORDER_ISSUE,rule_assisted,medium
@AmazonHelp  where does a customer goes to share his/her concerns about the fullfillment centre,GENERAL_SUPPORT,rule_assisted,low
@AmazonHelp hey I started a Amazon prime trial..i was charged $1..wats that about ?,GENERAL_SUPPORT,rule_assisted,low
@AmazonHelp Yes. Once from the original date,GENERAL_SUPPORT,rule_assisted,low
"@AmazonHelp It was expected 10/30-10/31 so yes, it has passed.",GENERAL_SUPPORT,rule_assisted,low
@AmazonHelp It was updated to 10/30 later but that was also wrong,GENERAL_SUPPORT,rule_assisted,low
@AmazonHelp I have called already and spoken to the rep. This keeps repeating. Fire your courier managers in my locality,SAFETY_ISSUE,rule_assisted,high
@AmazonHelp I have called already and spoken to the rep. This keeps repeating. Fire your courier managers in my locality,SAFETY_ISSUE,rule_assisted,high
"@AmazonHelp Got it just now about 4 hours after it was supposedly delivered. As I said, unpredictable and non-trustworthy delivery process",DELIVERY_ISSUE,rule_assisted,medium
"Two DOA orders. First hard drive came bouncing in a giant box, second one crushed in a padded envelope... sigh. Refund on way. @AmazonHelp https://t.co/4bRVrNlrBy",RETURN_REFUND,rule_assisted,medium
@AmazonHelp @119973 Es nervt das ich mich seit neusten  beinahe täglich auf. Fire tv stick neu einloggen muss 😈,SAFETY_ISSUE,rule_assisted,medium
@AmazonHelp @119973 Es nervt das ich mich seit neusten  beinahe täglich auf. Fire tv stick neu einloggen muss 😈,SAFETY_ISSUE,rule_assisted,medium
@AmazonHelp Please elaborate. If the charges are of prime subscription on https://t.co/PDFhxlk2Fc then why was i charged 499 in the first place??,GENERAL_SUPPORT,rule_assisted,low
@AmazonHelp @115850 at my address. Will pay then return charges. But also want to tell u this is not right that we pay self return courier cost then what's,GENERAL_SUPPORT,rule_assisted,low
@AmazonHelp I have filled the form but I don't expect anything concrete to happen besides paying lip-service. No one comes back to say why this happens,GENERAL_SUPPORT,rule_assisted,low
"@AmazonHelp With @115850 Wonders will never cease! Now, with respect to my 'DELIVERED' item, i have received the following sms: ...1/n",GENERAL_SUPPORT,rule_assisted,low
"@AmazonHelp With @115850 Wonders will never cease! Now, with respect to my 'DELIVERED' item, i have received the following sms: ...1/n",GENERAL_SUPPORT,rule_assisted,low
"@AmazonHelp 24 to 48 hours 2resolve.But WTH! First,Amazon says 'Delivered' then,says 'Item could not be delivered,as there was no one 2accept delivery'",GENERAL_SUPPORT,rule_assisted,low
"@AmazonHelp 24 to 48 hours 2resolve.But WTH! First,Amazon says 'Delivered' then,says 'Item could not be delivered,as there was no one 2accept delivery'",GENERAL_SUPPORT,rule_assisted,low
I'm facing more bullshitting by @115850 Another package of mine is shown 'delivered' yesterday @AmazonHelp Somethings wrong at amazon...,DELIVERY_ISSUE,rule_assisted,medium
"@AmazonHelp HEY, I have 30 packages that need to be refunded on nov 5th which is the estimated shipping time. fake tracking. never shipped.",PRODUCT_QUALITY,rule_assisted,medium
@AmazonHelp What is the response. I am yet to get a call from customer care,GENERAL_SUPPORT,rule_assisted,low
"@AmazonHelp Have already shared my registered mobile no. 9673101122, but I m currently contactable on 9818601122",GENERAL_SUPPORT,rule_assisted,medium
"@AmazonHelp Have already shared my registered mobile no. 9673101122, but I m currently contactable on 9818601122",GENERAL_SUPPORT,rule_assisted,medium
@AmazonHelp If nothing happens then I will put on FB also,GENERAL_SUPPORT,rule_assisted,low
@AmazonHelp If nothing happens then I will put on FB also,GENERAL_SUPPORT,rule_assisted,low
@AmazonHelp Have shared the details in the above linked which was shared by u. Need early resolution from u.,GENERAL_SUPPORT,rule_assisted,low
"@AmazonHelp Called USPS for delivery info. Estimated hold time for the next representative is FIFTY MINUTES. As YOUR customer, I shouldn't be doing this",GENERAL_SUPPORT,rule_assisted,low
"@AmazonHelp Yes, I've sent an email through your link.",GENERAL_SUPPORT,rule_assisted,low
@AmazonHelp I gave it another day and still not delivered. 😡,DELIVERY_ISSUE,rule_assisted,medium
"@AmazonHelp No, is USPS even contactable, esp after hours?  I'll wait and see what happens tomorrow. Two delivery mishaps this month - one UPS, one USPS",GENERAL_SUPPORT,rule_assisted,low
"@AmazonHelp USPS is the carrier. They are usually here 10 am-12 pm, so I don't know what's going on.",DELIVERY_ISSUE,rule_assisted,medium
"Really unhappy, @AmazonHelp. I'm sitting here at home all day and I got this text a few minutes ago. https://t.co/w35PxLWI0K",GENERAL_SUPPORT,rule_assisted,low
"@AmazonHelp Please help
Your team is not providing support and information properly. They are just ingnoring my request. I need access. https://t.co/VqK97kzHrt",GENERAL_SUPPORT,rule_assisted,medium
"@AmazonHelp Please help
Your team is not providing support and information properly. They are just ingnoring my request. I need access. https://t.co/VqK97kzHrt",GENERAL_SUPPORT,rule_assisted,medium
"@AmazonHelp Accidentally bought Amazon Prime when I misread it for the free month trial, and I wanted to know if theres any way for a refund",GENERAL_SUPPORT,rule_assisted,low
@115850 @AmazonHelp 'Handed over directly to Customer' when I'd left this place at 6:00 pm &amp; never returned for the night. Trust @115850 to do the impossible,RETURN_REFUND,rule_assisted,medium
@AmazonHelp Package yet to be received. The delivery boy must’ve signed himself or delivered to someone else. Also if possible send me photo of the sign,DELIVERY_ISSUE,rule_assisted,medium
@AmazonHelp Your customer service has reverted saying that apparently the package has been delivered and signed by receipt my yesterday. Not true.,PRODUCT_TECHNICAL,rule_assisted,medium
@115850 @AmazonHelp Does you app have a feedback option “product not delivered” ?,PRODUCT_TECHNICAL,rule_assisted,medium
@115850 i have received a message that product has been delivered whereas it hasn’t been delivered. Second time happened @AmazonHelp,DELIVERY_ISSUE,rule_assisted,medium
"@AmazonHelp They have promised me that my cashback of INR 1500 will be received by 5th November, hope this doesn't repeat in future. Thanks #AmazonIndia",GENERAL_SUPPORT,rule_assisted,medium
"@AmazonHelp @115850  @120040
Even after your team's promise, I have not received my cashback of INR1500 before deadline given by them.",GENERAL_SUPPORT,rule_assisted,low
"@AmazonHelp @115850  @120040
Even after your team's promise, I have not received my cashback of INR1500 before deadline given by them.",GENERAL_SUPPORT,rule_assisted,low
"@AmazonHelp @115850 @120040 Wow this is great, now again i am getting mail that max eligible cashback is INR450. What the heck is wrong with Amazon support. @115850",GENERAL_SUPPORT,rule_assisted,medium
"@AmazonHelp @115850 @120040 I have mailed 3-4 times after that but i am still getting the same standard email, exact same mail",GENERAL_SUPPORT,rule_assisted,low
"@AmazonHelp @115850 @120040 I have mailed 3-4 times after that but i am still getting the same standard email, exact same mail",GENERAL_SUPPORT,rule_assisted,low
@AmazonHelp On 1st Nov your team agreed in mail for cashback of INR1500 and now someone else from your team is saying max INR450. This Is cheating.,GENERAL_SUPPORT,rule_assisted,low
"@AmazonHelp I have submitted all the required details, please do the necessary else i'll have to go to consumer forum this time :(",GENERAL_SUPPORT,rule_assisted,low
"@AmazonHelp #AmazonIndia ordered echo plus on 6th October, till now have not recieved any cashback. Now customer care is saying i am eligible for (1/2)",PRODUCT_TECHNICAL,rule_assisted,medium
"@AmazonHelp #AmazonIndia ordered echo plus on 6th October, till now have not recieved any cashback. Now customer care is saying i am eligible for (1/2)",PRODUCT_TECHNICAL,rule_assisted,medium
@AmazonHelp わわ、ご丁寧に返信頂き、ありがとうございます(_ _*)もしかしたらそうなのかも知れません💦引き落とし確認前に購入してしまった物があるので、取り敢えず月会費に変更してみました。次月利用予定なければキャンセルする予定です。,GENERAL_SUPPORT,rule_assisted,low
"@AmazonHelp So this order 407-7402036-7182732
Placed on 30th and supposed to reach me on 2nd  November
Now is this as per amazon prime delivery std ??",ACCOUNT_MEMBERSHIP,rule_assisted,medium
"@AmazonHelp So this order 407-7402036-7182732
Placed on 30th and supposed to reach me on 2nd  November
Now is this as per amazon prime delivery std ??",ACCOUNT_MEMBERSHIP,rule_assisted,medium
"@AmazonHelp So this order 407-7402036-7182732
Placed on 30th and supposed to reach me on 2nd  November
Now is this as per amazon prime delivery std ??",ACCOUNT_MEMBERSHIP,rule_assisted,medium
@AmazonHelp I rather not take prime then and use the normal service as I don’t see any diff or advantages,ACCOUNT_MEMBERSHIP,rule_assisted,medium
@AmazonHelp I rather not take prime then and use the normal service as I don’t see any diff or advantages,ACCOUNT_MEMBERSHIP,rule_assisted,medium
@AmazonHelp Placed the order on 30th October and I am getting it on 2nd November,ORDER_ISSUE,rule_assisted,medium
@AmazonHelp 丁寧にありがとうございます,GENERAL_SUPPORT,rule_assisted,low
@AmazonHelp Hahaha. Reported multiple times...even spoke to ur so called customer service.. no help...,GENERAL_SUPPORT,rule_assisted,medium
@AmazonHelp Call me on 9873388201. I have already spent a good part of my day taking to ur useless customer service and chatting. Not going to fill.,GENERAL_SUPPORT,rule_assisted,low
@AmazonHelp Call me on 9873388201. I have already spent a good part of my day taking to ur useless customer service and chatting. Not going to fill.,GENERAL_SUPPORT,rule_assisted,low
@AmazonHelp 連絡しましたよ。仕様だそうで。どういうつもりか存じませんが、かなり問題のある仕様だと思いますが。,GENERAL_SUPPORT,rule_assisted,low
@AmazonHelp はい^ ^すぐに架空請求だと分かりました。ありがとうございます。,GENERAL_SUPPORT,rule_assisted,low
@AmazonHelp logistics dpt  created ticket 24 hrs ago with no  response as promised😢. Feeling so disappointed word was not kept !  #feeling unimportant,GENERAL_SUPPORT,rule_assisted,low
@AmazonHelp What do you mean prices are ever changing? Is @115850 a stock exchange? And how can you charge more than MRP? Should I sue you?,GENERAL_SUPPORT,rule_assisted,low
@AmazonHelp U kindly refund the amount back .. I have sent back the product and I demand a refund for the same .never had such dissaponments wit amazon,RETURN_REFUND,rule_assisted,medium
@AmazonHelp Do not make us helpless and kindly refund my amount ..,RETURN_REFUND,rule_assisted,medium
@AmazonHelp It says wrong product has sent .. refund cannot be given ... u kindly ask ur courier guy n confirm me what was given to him ..,RETURN_REFUND,rule_assisted,medium
@AmazonHelp Have sent the prouduct back .. and after a month ur complaining that the product sent is wrong .. @AmazonHelp,GENERAL_SUPPORT,rule_assisted,low
"@115850 @115821 @AmazonHelp Order no 408-9297978-3842763"".
Men's Polo (8907036565225_USTS1840_M_Apricot)"".#refund not recd..been 2 weeks",RETURN_REFUND,rule_assisted,medium
"@115850 @115821 @AmazonHelp Order no 408-9297978-3842763"".
Men's Polo (8907036565225_USTS1840_M_Apricot)"".#refund not recd..been 2 weeks",RETURN_REFUND,rule_assisted,medium
@AmazonHelp Also when will Amazon prime music be available for Indian users of Alexa?,GENERAL_SUPPORT,rule_assisted,low
@AmazonHelp Also when will Amazon prime music be available for Indian users of Alexa?,GENERAL_SUPPORT,rule_assisted,low
@AmazonHelp How do I check if prime music is working on my echo device?,GENERAL_SUPPORT,rule_assisted,low
@AmazonHelp why is Videos option missing in the skills for Alexa in India? Not able to connect my fire TV.,PRODUCT_TECHNICAL,rule_assisted,high
@AmazonHelp I am assuming it's by Amazon since I chose Amazon global priority shipping. https://t.co/C9vq5RkuuV this is the link to the product page.,DELIVERY_ISSUE,rule_assisted,medium
@AmazonHelp I contacted customer support by chat&amp;was told to wait for 72 hrs while investigating.:/ This has happened to others for over a week though,GENERAL_SUPPORT,rule_assisted,medium
"@AmazonHelp Seems like it's a random issue, checked just now mike and molly episodes are back",GENERAL_SUPPORT,rule_assisted,low
@AmazonHelp Till now I have noticed it in a couple of episodes of mike and molly and also in 'the middle',GENERAL_SUPPORT,rule_assisted,low
@AmazonHelp  https://t.co/LzRfyE5m3q,GENERAL_SUPPORT,rule_assisted,low
@AmazonHelp The carrier is USPS.,DELIVERY_ISSUE,rule_assisted,medium
@AmazonHelp Yes.. not single call got regarding that since Saturday.. I want to return this products and never want to purchase again with amazon,RETURN_REFUND,rule_assisted,medium
@AmazonHelp Yes.. we got after 1 week from estimated date and still waiting for installation,GENERAL_SUPPORT,rule_assisted,low
@AmazonHelp In the last four days U people are not able to arrange the pick up??? Is there any time limit for this to solve the issue???,GENERAL_SUPPORT,rule_assisted,low
@AmazonHelp Where you send correspondence ?? I did not get any correspondence.,GENERAL_SUPPORT,rule_assisted,low
@AmazonHelp I did not get any kindly resend.,GENERAL_SUPPORT,rule_assisted,low
@AmazonHelp I did not get any kindly resend.,GENERAL_SUPPORT,rule_assisted,low
@AmazonHelp @115850 @AmazonHelp @115821 . In the last 5 working days u ppl  not able to arrange pick up.I m waiting for return since 30 days.,RETURN_REFUND,rule_assisted,medium
@AmazonHelp Once again I submitted please check,GENERAL_SUPPORT,rule_assisted,low
@AmazonHelp Once again I submitted please check,GENERAL_SUPPORT,rule_assisted,low
@AmazonHelp Is there any update??,GENERAL_SUPPORT,rule_assisted,low
@AmazonHelp Now which information left to give u???kindly read previous msg.,GENERAL_SUPPORT,rule_assisted,medium
@AmazonHelp Now which information left to give u???kindly read previous msg.,GENERAL_SUPPORT,rule_assisted,medium
@AmazonHelp You people always escalated issue and for another 24 hours.kindly do something substantial.still issue is unresolved. such a poor service.,GENERAL_SUPPORT,rule_assisted,low
@AmazonHelp You people always escalated issue and for another 24 hours.kindly do something substantial.still issue is unresolved. such a poor service.,GENERAL_SUPPORT,rule_assisted,low
@AmazonHelp When will be the earliest?? 1 more month?,GENERAL_SUPPORT,rule_assisted,low
@AmazonHelp When u will be get back with update???,GENERAL_SUPPORT,rule_assisted,low
@AmazonHelp I would like to know what action taken from your side regarding my issue apart from regret emails??,GENERAL_SUPPORT,rule_assisted,low
"@AmazonHelp Yes you missed it completely and made a blunder.
Call me on 9140560819 for more understanding",GENERAL_SUPPORT,rule_assisted,low
"@AmazonHelp Yes you missed it completely and made a blunder.
Call me on 9140560819 for more understanding",GENERAL_SUPPORT,rule_assisted,low
@AmazonHelp Done this. What about resolution ??,GENERAL_SUPPORT,rule_assisted,low
"@AmazonHelp No resolution is provided yet.
Contact number: 9140560819",GENERAL_SUPPORT,rule_assisted,medium
"@AmazonHelp No resolution is provided yet.
Contact number: 9140560819",GENERAL_SUPPORT,rule_assisted,medium
@AmazonHelp I need a proper compensation and full refund of my order. Contact me on 9140560819 for any other detail.,RETURN_REFUND,rule_assisted,medium
@AmazonHelp I need a proper compensation and full refund of my order. Contact me on 9140560819 for any other detail.,RETURN_REFUND,rule_assisted,medium
@AmazonHelp I want a proper resolution here...,GENERAL_SUPPORT,rule_assisted,low
@AmazonHelp I want a proper resolution here...,GENERAL_SUPPORT,rule_assisted,low
@AmazonHelp Then how should I reach you for assistance,GENERAL_SUPPORT,rule_assisted,low
@AmazonHelp @115833 What is 2nd Generation? I have Amazon Echo from US ? Not the Echo Dot.,PRODUCT_TECHNICAL,rule_assisted,medium
"@115833 @AmazonHelp Will echo devices bought from US work in India, as ECHO has already been launched here ?",PRODUCT_TECHNICAL,rule_assisted,medium
@AmazonHelp Provided my details hope I will get a resolution,GENERAL_SUPPORT,rule_assisted,low
@AmazonHelp Provided my details hope I will get a resolution,GENERAL_SUPPORT,rule_assisted,low
@AmazonHelp I have already tried that option so hopeing you could provide better option,GENERAL_SUPPORT,rule_assisted,low
@AmazonHelp And secondly I would like to know if it was out of stock how I was able to place the order,ORDER_ISSUE,rule_assisted,high
"@AmazonHelp Not Amazon customer service, that’s what’s down. Way down.",GENERAL_SUPPORT,rule_assisted,low
@AmazonHelp,GENERAL_SUPPORT,rule_assisted,low
@AmazonHelp This contest commences from today.There was a similar contest whose last date was 31st oct 2017.,GENERAL_SUPPORT,rule_assisted,low
@AmazonHelp i know but i call all courier serviece they people cant home pick up so please arrange from your hand.,DELIVERY_ISSUE,rule_assisted,medium
@AmazonHelp can u ready for return pick up i receive damage product,RETURN_REFUND,rule_assisted,medium
@AmazonHelp Please pick up from your hand . I get also damage product from your hand,GENERAL_SUPPORT,rule_assisted,low
@AmazonHelp I allready replied. I clearly say that please pick up from your hand.,GENERAL_SUPPORT,rule_assisted,low
@AmazonHelp I already call your linked courier service they all not ready for home pick up and some courier service cha rges is very high,DELIVERY_ISSUE,rule_assisted,medium
@AmazonHelp U people allready reply me and now say we cant access?,GENERAL_SUPPORT,rule_assisted,low
@AmazonHelp U people allready reply me and now say we cant access?,GENERAL_SUPPORT,rule_assisted,low
@AmazonHelp Its very headache so please pick up from your hand. I dont pick up any charges for courier so please arrange from u.,PAYMENT_BILLING,rule_assisted,medium
@AmazonHelp Its not my issue for return pick up. U people not mention any where before purchase product otherwise i think about purchase this order.,RETURN_REFUND,rule_assisted,medium
@AmazonHelp I’ve had one saying it will be late but no reason why,DELIVERY_ISSUE,rule_assisted,medium
@AmazonHelp is my parcel lost in transit I’ve never experienced a delay with delivery from you!! https://t.co/DJ4tGuR94P,DELIVERY_ISSUE,rule_assisted,medium
"@AmazonHelp thnx, matter resolved.",GENERAL_SUPPORT,rule_assisted,low
@AmazonHelp filled once already...,GENERAL_SUPPORT,rule_assisted,low
@AmazonHelp no email received...wic email you sent it on,GENERAL_SUPPORT,rule_assisted,low
@AmazonHelp problem not resolved yet...high time now,GENERAL_SUPPORT,rule_assisted,low
@AmazonHelp problem not resolved yet...high time now,GENERAL_SUPPORT,rule_assisted,low
@AmazonHelp pl do...i am already fed up with the service...considering returning the order.,RETURN_REFUND,rule_assisted,medium
@AmazonHelp details shared,GENERAL_SUPPORT,rule_assisted,low
@AmazonHelp No use from your link or Amazon app support call or chat. Please see the order details.just telling us to wait.Not updating the status also. https://t.co/Uwp0eOu6Ia,PRODUCT_TECHNICAL,rule_assisted,medium
@AmazonHelp No use from your link or Amazon app support call or chat. Please see the order details.just telling us to wait.Not updating the status also. https://t.co/Uwp0eOu6Ia,PRODUCT_TECHNICAL,rule_assisted,medium
@AmazonHelp Anyway you are redirecting the above link to your customer support..What is the use of it?? Same reply from them...,GENERAL_SUPPORT,rule_assisted,medium
@AmazonHelp Daily same msg coming but do not delivered,DELIVERY_ISSUE,rule_assisted,medium
@AmazonHelp Daily same msg coming but do not delivered,DELIVERY_ISSUE,rule_assisted,medium
"@AmazonHelp Arriving Today: Your package with Dell KM117 Wireless Keyboard Mouse is out for delivery.Amt: Rs.1,399. https://t.co/JuXkvDFU1Q",DELIVERY_ISSUE,rule_assisted,medium
@AmazonHelp Ok thank u,GENERAL_SUPPORT,rule_assisted,medium
"@AmazonHelp Name of account -avaneesh Kumar chaubey 
Contact number -8269451504
Order number - 405-3324870-8447534
Product - titan watch",ACCOUNT_MEMBERSHIP,rule_assisted,medium
"@AmazonHelp Name of account -avaneesh Kumar chaubey 
Contact number -8269451504
Order number - 405-3324870-8447534
Product - titan watch",ACCOUNT_MEMBERSHIP,rule_assisted,medium
@AmazonHelp I did it already~,GENERAL_SUPPORT,rule_assisted,low
"@AmazonHelp Scam, just scam, sellers don't send out my products~ 6 orders. so bad~",ORDER_ISSUE,rule_assisted,medium
@AmazonHelp 6 order: 113-2039762-2382613、113-2511164-7606668、113-7544238-7484225、114-5454499-3702646、114-9012608-0575407、114-9109336-9221053,ORDER_ISSUE,rule_assisted,medium
@AmazonHelp .com,GENERAL_SUPPORT,rule_assisted,low
@AmazonHelp I can't find File/View Claim.,GENERAL_SUPPORT,rule_assisted,low
"@AmazonHelp I was scammed. 6 orders, all sellers are gone and nothing send to me, how could I do now? how to stop my prime membership?",ACCOUNT_MEMBERSHIP,rule_assisted,medium
@AmazonHelp HorrbleService👿Booked #Redmi4 on 16.10.17.  Neither phn recd nor refnd. complnt alrdy made.  No response at all. Fed up wd amzon,GENERAL_SUPPORT,rule_assisted,low
@AmazonHelp I wuld lyk 2 knw jus 1 simpl&amp; straight answer. Hw mny times u ppl wl ask d same qstn again&amp;again.Coz m juss sick of answring over&amp;over again,GENERAL_SUPPORT,rule_assisted,low
@AmazonHelp sent twice. Ask me if something else you need.,GENERAL_SUPPORT,rule_assisted,low
@AmazonHelp I have reported the same..Hoping for a genuine product in perfect condition to be delivered now.,DELIVERY_ISSUE,rule_assisted,medium
@AmazonHelp Update was sent at 930 pm. Ggs,GENERAL_SUPPORT,rule_assisted,low
@AmazonHelp Thank u.......done,GENERAL_SUPPORT,rule_assisted,low
@AmazonHelp how do i delete my old credit cards from the list,PAYMENT_BILLING,rule_assisted,medium
@AmazonHelp how do i delete my old credit cards from the list,PAYMENT_BILLING,rule_assisted,medium
"@AmazonHelp how to stop my prime membership, since i was scammed and you do nothing to me, i need to cancel my membership.",ACCOUNT_MEMBERSHIP,rule_assisted,medium
@AmazonHelp Amazon has encountered an error. Please try again shortly. This message appears every time I attempt to change my default list for days now.,PRODUCT_TECHNICAL,rule_assisted,medium
@AmazonHelp cannot change default wishlist in any app or browser regardless of mobile device. log out/in does not fix. Error message. Advise,PRODUCT_TECHNICAL,rule_assisted,medium
"@AmazonHelp あああ……いえ、今は指定時間少し過ぎてるだけなのでそこまで気にしてないです大丈夫です
すみませんありがとうございます",GENERAL_SUPPORT,rule_assisted,low
@AmazonHelp are brighton tickets available today for the morrissey presale? they aren’t on the website and i got worried,ORDER_ISSUE,rule_assisted,medium
@AmazonHelp When will Madam Secretary S4 will be available on Amazon Prime Video India?,GENERAL_SUPPORT,rule_assisted,low
@AmazonHelp That I do daily. Can't the request be prioritized?,GENERAL_SUPPORT,rule_assisted,low
@AmazonHelp That I do daily. Can't the request be prioritized?,GENERAL_SUPPORT,rule_assisted,low
@AmazonHelp The item doesn't do what I need it to do.,ORDER_ISSUE,rule_assisted,medium
@AmazonHelp Please call back me...,GENERAL_SUPPORT,rule_assisted,low
@AmazonHelp Please call back me...,GENERAL_SUPPORT,rule_assisted,low
@AmazonHelp No option of call with customer care,GENERAL_SUPPORT,rule_assisted,low
@AmazonHelp I am already still awaiting since 12.10.2017 for your solution. But no any satisfied resolution provide from Amazon side.,GENERAL_SUPPORT,rule_assisted,low
@AmazonHelp How many time I send detail.??,GENERAL_SUPPORT,rule_assisted,low
@AmazonHelp How many more long time I will wait for solution...?? I am not able to call contact with Amazon care,GENERAL_SUPPORT,rule_assisted,medium
@AmazonHelp I already replied,GENERAL_SUPPORT,rule_assisted,low
@AmazonHelp No any solution provide from your side and I am unable to contact with Amazon care because our call is blocked by Amazon..,GENERAL_SUPPORT,rule_assisted,medium
"@AmazonHelp Since how much time I wait
For your action...??",GENERAL_SUPPORT,rule_assisted,low
@AmazonHelp Please do necessary action against courier services,DELIVERY_ISSUE,rule_assisted,medium
@AmazonHelp You talked about the Gati courier about our order,GENERAL_SUPPORT,rule_assisted,low
@AmazonHelp i have :),GENERAL_SUPPORT,rule_assisted,low
@AmazonHelp I already talked to your customer care. They are saying kindle prime reading is only available for US residents. I am asking why?,GENERAL_SUPPORT,rule_assisted,low
@AmazonHelp I already talked to your customer care. They are saying kindle prime reading is only available for US residents. I am asking why?,GENERAL_SUPPORT,rule_assisted,low
@AmazonHelp I already talked to your customer care. They are saying kindle prime reading is only available for US residents. I am asking why?,GENERAL_SUPPORT,rule_assisted,low
@AmazonHelp Why Amazon.in prime members are not allowed to access kindle prime reading section? @117634 @115850 @115821,GENERAL_SUPPORT,rule_assisted,low
"@AmazonHelp 同じ商品と交換したいのですが、返品の際にクレジットカードの選択画面が出てきます。
クレジットカードを持っていないのですが、クレジットカードが無いと返品できないのでしょうか？",GENERAL_SUPPORT,rule_assisted,low
@AmazonHelp  please ship this today ORDER # 408-8285636-6191504,ORDER_ISSUE,rule_assisted,medium
@AmazonHelp  please ship this today ORDER # 408-8285636-6191504,ORDER_ISSUE,rule_assisted,medium
@AmazonHelp non ancora: qual'è il modo migliore per segnalarvi i disservizi di Bartolini? Grazie!,GENERAL_SUPPORT,rule_assisted,low
@AmazonHelp Well my country is selected as India and my language is English (UK) and when I go to skills I get this: https://t.co/ydfxKirxDn,GENERAL_SUPPORT,rule_assisted,low
@AmazonHelp Did not arrive. Please could you confirm which day it is. https://t.co/3NEPf3QAyG,GENERAL_SUPPORT,rule_assisted,low
@AmazonHelp Arriving today. That's all it's said since this morning. My mum is waiting in as is still waiting. Just a rough time frame would be kind,GENERAL_SUPPORT,rule_assisted,low
@AmazonHelp Ur customer care is disconnecting my call by saying that we would not be able to give you any further I sight over this issue.Please explain,GENERAL_SUPPORT,rule_assisted,low
@AmazonHelp Ur customer care is disconnecting my call by saying that we would not be able to give you any further I sight over this issue.Please explain,GENERAL_SUPPORT,rule_assisted,low
@AmazonHelp Hey I have filled the form multiple times do I look like a fool to fill again and again. Give a resolution that's it,GENERAL_SUPPORT,rule_assisted,low
"@AmazonHelp Hi, can't access chat as I'm locked out of my account and phone is too expensive since I'm outside the US &amp; I'm sure it's not toll free.",ACCOUNT_MEMBERSHIP,rule_assisted,medium
"@AmazonHelp Hi? I sent in the email but still no reply 20 hours later. Please help out with this, it's really urgent. THanks",GENERAL_SUPPORT,rule_assisted,medium
"@AmazonHelp oui c'est dommage j'en avais absolument besoin aujourdhui, Chronopost ou UPS l'aurait laissé chez le voisin ou dans un commerce de proximité",GENERAL_SUPPORT,rule_assisted,low
@AmazonHelp Malheureusement non !,GENERAL_SUPPORT,rule_assisted,low
@AmazonHelp @120261 Amazon seller support team is not providing pickup service on time to new seller. We are chasing them from 23rd Oct and lost our 4 orders,GENERAL_SUPPORT,rule_assisted,low
"@AmazonHelp I did call the customer service. But, they were unable to provide any update!",GENERAL_SUPPORT,rule_assisted,low
"@AmazonHelp I did call the customer service. But, they were unable to provide any update!",GENERAL_SUPPORT,rule_assisted,low
"@AmazonHelp I did provide details and was promised a call back in 7 hours. Well, 24 has passed. This is ugly customer service.",GENERAL_SUPPORT,rule_assisted,low
@AmazonHelp I did recieve an email indicating the package is being returned to the fulfillment centre. What type of nonsense is this?,RETURN_REFUND,rule_assisted,medium
"@AmazonHelp Ok, so you are now foubting whether i provided details or not. Thank you for your wonderful service. Such wonderful new lows.",GENERAL_SUPPORT,rule_assisted,medium
@AmazonHelp Maybe when you guys do the marketing gimmicks you should put these stuff up. So I buy something and it doesn't even reach me. Wow!,ORDER_ISSUE,rule_assisted,medium
"@AmazonHelp I have not recieved a mail. I cannot reply to a mythical mail, right?",GENERAL_SUPPORT,rule_assisted,low
"@AmazonHelp I have not recieved a mail. I cannot reply to a mythical mail, right?",GENERAL_SUPPORT,rule_assisted,low
@AmazonHelp The problem is with the router that i ordered. Which is dispatched back to your fulfillment centre! Without my permission! Pathetic service!,ORDER_ISSUE,rule_assisted,medium
"@AmazonHelp This is da third time am providng the details. Sorry, but i donot have the time.If i dont get the product,i wll make sure you guys regret it",GENERAL_SUPPORT,rule_assisted,low
"@AmazonHelp This is da third time am providng the details. Sorry, but i donot have the time.If i dont get the product,i wll make sure you guys regret it",GENERAL_SUPPORT,rule_assisted,low
@AmazonHelp I have sent it again.,GENERAL_SUPPORT,rule_assisted,low
@AmazonHelp How soon?,GENERAL_SUPPORT,rule_assisted,low
"@AmazonHelp And he left it on the doorstep anyway, after creating merry hell",DELIVERY_ISSUE,rule_assisted,medium
"@AmazonHelp , as @115830 haven’t replied, could you? https://t.co/HZhcbSKhWv",GENERAL_SUPPORT,rule_assisted,low
@AmazonHelp  emailing to enquiremorrissey tickets as they go on sale today from 10.00 but No brighton date has come up as it is advertised.,GENERAL_SUPPORT,rule_assisted,low
@AmazonHelp Order placed 30/10 with stated prime delivery of 31/10. At 7.30pm informed delayed allow further 2 days! Not 1st time prime has failed!!,ACCOUNT_MEMBERSHIP,rule_assisted,medium
"Bad service &amp; no reply! Why do Amazon make it so hard to get in touch! Delivery due yesterday as paid for, not in 2 more days! @AmazonHelp https://t.co/dx43TTZIQK",DELIVERY_ISSUE,rule_assisted,medium
"Bad service &amp; no reply! Why do Amazon make it so hard to get in touch! Delivery due yesterday as paid for, not in 2 more days! @AmazonHelp https://t.co/dx43TTZIQK",DELIVERY_ISSUE,rule_assisted,medium
@AmazonHelp I have the parcel now but my point is that I’m paying a monthly fee for a service that I’m not getting the benefit of,DELIVERY_ISSUE,rule_assisted,medium
@AmazonHelp I assumed your previous question meant you were going to do something...? https://t.co/Ry03t6eDaK,GENERAL_SUPPORT,rule_assisted,medium
@AmazonHelp Valeu pela dica 😉,GENERAL_SUPPORT,rule_assisted,low
"@AmazonHelp Ainda tenho que me decidir, os dois livros parecem ser incríveis.",GENERAL_SUPPORT,rule_assisted,low
@AmazonHelp P.s hat funktioniert mit dem Konto aufladen!,GENERAL_SUPPORT,rule_assisted,low
@AmazonHelp Zu spät. 🙈😂,GENERAL_SUPPORT,rule_assisted,low
"@AmazonHelp 😂😂😂 Wie gesagt euch ein schönen restlichen Feiertag, auch wenn ich Supportet (nennt man das so?) 😂",GENERAL_SUPPORT,rule_assisted,medium
@AmazonHelp Ich werd es mal versuchen! Danke für die schnelle und gute Hilfe! Noch ein schönen Feiertag! ❤😁,GENERAL_SUPPORT,rule_assisted,low
"@AmazonHelp Würde das funktionieren, wenn ich mein Konto auflade? Da gibts ja diese Funktion in der App. Dann müsste ich nicht los und einen holen. 😅",PRODUCT_TECHNICAL,rule_assisted,medium
"@AmazonHelp Ist aber nur bei dem Produkt, bei anderen funktioniert es. Ne Idee was ich machen kann? 2/2",GENERAL_SUPPORT,rule_assisted,low
@AmazonHelp I received product with torn package with clear damage however small though. Proper care was not taken while delivering. And now if I replace product it will take 5-7 days atleast which I can not afford. I have no option but to keep it and suffer due to bad practise in delivery.,DELIVERY_ISSUE,rule_assisted,medium
@AmazonHelp I received product with torn package with clear damage however small though. Proper care was not taken while delivering. And now if I replace product it will take 5-7 days atleast which I can not afford. I have no option but to keep it and suffer due to bad practise in delivery.,DELIVERY_ISSUE,rule_assisted,medium
@AmazonHelp I have clearly mentioned that I need the book for studies in next few days atleast. So I can not afford to return. And rather what solution I got from you is return of that order which I could have done anyway. I want different solution so I contacted you.,RETURN_REFUND,rule_assisted,medium
@AmazonHelp I have clearly mentioned that I need the book for studies in next few days atleast. So I can not afford to return. And rather what solution I got from you is return of that order which I could have done anyway. I want different solution so I contacted you.,RETURN_REFUND,rule_assisted,medium
"@AmazonHelp If such is the case I regret my order with Amazon. I was thinking more of a better solution such as delivering product again and then collecting the first one. Since I need the book for study, I can not waste time returning it. I can only regret about my choice about Amazon.",RETURN_REFUND,rule_assisted,medium
"@AmazonHelp If such is the case I regret my order with Amazon. I was thinking more of a better solution such as delivering product again and then collecting the first one. Since I need the book for study, I can not waste time returning it. I can only regret about my choice about Amazon.",RETURN_REFUND,rule_assisted,medium
"@AmazonHelp Somebody else’s, I don’t have any of their emails or anything, it’s really urgent because it’s a present and I need to know if I’ll have it",GENERAL_SUPPORT,rule_assisted,low
"@AmazonHelp I ordered from .fr, but I do not have my order number, only my name and address, scenes as it was ordered for me",ORDER_ISSUE,rule_assisted,medium
"@AmazonHelp hello, could I have some information about an order please",GENERAL_SUPPORT,rule_assisted,medium
@AmazonHelp What's the response from amazon team. I'm anxious to see my idea @115850,GENERAL_SUPPORT,rule_assisted,low
"@120688 @AmazonHelp @1386 As discussed over call, I have sent email @AmazonHelp - As explained the vouchers of 1000 has not been issued by them. Request you to help.",GENERAL_SUPPORT,rule_assisted,medium
@AmazonHelp @1386 @1386  Hasnt  mailed any reissued vouchers of 1000. But instead cheated us for their loss. @AmazonHelp  Please help it sort here,GENERAL_SUPPORT,rule_assisted,medium
@AmazonHelp No reply from your hand yet,GENERAL_SUPPORT,rule_assisted,low
@AmazonHelp No reply from your hand yet,GENERAL_SUPPORT,rule_assisted,low
@AmazonHelp First thing i have not possible for self return. So pls arrange from your hand,RETURN_REFUND,rule_assisted,medium
@AmazonHelp I have no any mail  reply from u please,GENERAL_SUPPORT,rule_assisted,low
@AmazonHelp I have no any mail  reply from u please,GENERAL_SUPPORT,rule_assisted,low
@AmazonHelp My return date is near so please fast proccess.,RETURN_REFUND,rule_assisted,medium
@AmazonHelp You give me only one answer but please help for pick up,GENERAL_SUPPORT,rule_assisted,medium
@AmazonHelp #403-8592504-0317160. you can check my order no.,ORDER_ISSUE,rule_assisted,medium
@AmazonHelp #403-8592504-0317160. you can check my order no.,ORDER_ISSUE,rule_assisted,medium
@120612 @AmazonHelp Right some time they people make fool. Before perchasing they people not mention anywhere for self return so why we do it otherwise we...,RETURN_REFUND,rule_assisted,medium
"@115821 
Why does not Amazon support the Arabic language knowing that many customers have 85% of the Arabs?
@AmazonHelp",GENERAL_SUPPORT,rule_assisted,medium
@AmazonHelp Called them a 1000 times..also wrote a mail to mr.Amit..still no reply.. I'm fed up now and want the refund as soon as possible..pls revert,RETURN_REFUND,rule_assisted,medium
@AmazonHelp Yes I've filled details but still haven't received any call. And I Yesterday I called to customer care and they kept me waiting for 30 mints,GENERAL_SUPPORT,rule_assisted,low
@AmazonHelp Yes I've filled details but still haven't received any call. And I Yesterday I called to customer care and they kept me waiting for 30 mints,GENERAL_SUPPORT,rule_assisted,low
@AmazonHelp I've contacted my bank as you asked to do so in email but my bank said Amazon need to raise complain,GENERAL_SUPPORT,rule_assisted,medium
@AmazonHelp Yes I've already contacted my bank and they are saying.. no such transaction we can see from Amazon,GENERAL_SUPPORT,rule_assisted,medium
@AmazonHelp Today when I was checking my ordereds I've come to know that refund not initiated for this product. When I called to customer care they said there is problem with product. I dont understand what's happening.,RETURN_REFUND,rule_assisted,medium
@AmazonHelp Kindly see this picture.. what kind of crap is this . I haven't received refund for this product.its been two months . https://t.co/7b9FuW1gyI,RETURN_REFUND,rule_assisted,medium
@AmazonHelp I still haven't received any call from your end. Kindly resolve my query,GENERAL_SUPPORT,rule_assisted,low
@AmazonHelp 9762642673 call on this number n tell him to deliver,DELIVERY_ISSUE,rule_assisted,medium
@AmazonHelp 9762642673 call on this number n tell him to deliver,DELIVERY_ISSUE,rule_assisted,medium
@AmazonHelp Good morning Amazon idiots... third day in a row... today's delivery guys number 70385 67720....can u idiots call him and ask him to deliver... Bunch of incompetetive morons...get this sorted out today...n don't use empathy n sympathy,DELIVERY_ISSUE,rule_assisted,medium
@AmazonHelp Are you guys nuts? How can u ask me to wait... bloddy idiots from past three days I am waiting...what r u guys? Stupid assholes? U don't have integrity,GENERAL_SUPPORT,rule_assisted,low
@AmazonHelp Are you guys nuts? How can u ask me to wait... bloddy idiots from past three days I am waiting...what r u guys? Stupid assholes? U don't have integrity,GENERAL_SUPPORT,rule_assisted,low
@AmazonHelp Are you guys nuts? How can u ask me to wait... bloddy idiots from past three days I am waiting...what r u guys? Stupid assholes? U don't have integrity,GENERAL_SUPPORT,rule_assisted,low
@AmazonHelp I have already given the order details you moron...what are u not able to find out...go figure out yourself...stupid ass,ORDER_ISSUE,rule_assisted,medium
@AmazonHelp I have already given the order details you moron...what are u not able to find out...go figure out yourself...stupid ass,ORDER_ISSUE,rule_assisted,medium
@AmazonHelp Really AB? Why don't you shove it up somewhere appropriately and get your smartest ass people to resolve the query instead of appreciating my vocab...I would love to meet u in person and would like to thank u..let me know when u r interested,PRODUCT_TECHNICAL,rule_assisted,medium
@AmazonHelp Really AB? Why don't you shove it up somewhere appropriately and get your smartest ass people to resolve the query instead of appreciating my vocab...I would love to meet u in person and would like to thank u..let me know when u r interested,PRODUCT_TECHNICAL,rule_assisted,medium
@AmazonHelp Really AB? Why don't you shove it up somewhere appropriately and get your smartest ass people to resolve the query instead of appreciating my vocab...I would love to meet u in person and would like to thank u..let me know when u r interested,PRODUCT_TECHNICAL,rule_assisted,medium
"@AmazonHelp Allrite..I understand that you are a special child, we will do it once again for you..here are the order details: 171-0365118-2187508. For one last time I m telling u, I'll not again fill up any of ur forms...because u guys are retards and can't understand a simple language",ORDER_ISSUE,rule_assisted,medium
"@AmazonHelp Allrite..I understand that you are a special child, we will do it once again for you..here are the order details: 171-0365118-2187508. For one last time I m telling u, I'll not again fill up any of ur forms...because u guys are retards and can't understand a simple language",ORDER_ISSUE,rule_assisted,medium
"@AmazonHelp Allrite..I understand that you are a special child, we will do it once again for you..here are the order details: 171-0365118-2187508. For one last time I m telling u, I'll not again fill up any of ur forms...because u guys are retards and can't understand a simple language",ORDER_ISSUE,rule_assisted,medium
@AmazonHelp Chutiya Hai Kya tu...from yesterday u guys are delivering? Madarchod,DELIVERY_ISSUE,rule_assisted,medium
@AmazonHelp Hellos idiots... 9762642673 I got this number today for the delivery guy...from past 2hours he's saying he's coming in 2min...what the fuck is wrong with u shameless people...don't write words of empathy,DELIVERY_ISSUE,rule_assisted,medium
"@AmazonHelp Ohhh so this how u treat a prime customer...unless u provide me resolution don't reply on this and also I am tagging big people from Amazon to look into it...stop send me tweets with empathy...I don't need it...m the customer, I'll go somewhere else",ACCOUNT_MEMBERSHIP,rule_assisted,medium
@AmazonHelp Ohhh come on...don't be a freak...who has kept u on the job? You are not committing a time when u would take an action? Also confirm whether you will be calling me up by today end of the day? Only if u have questions to these answers you reply...,GENERAL_SUPPORT,rule_assisted,medium
@AmazonHelp Be a man of your words and come up with a solution by today. And also I am expecting call from ur management? Is it possible..just disclose it in public forum and I'll take this with consumer court,GENERAL_SUPPORT,rule_assisted,low
"@AmazonHelp Just did it...I want a commitment of my product or money rite now..be a man and do the rite thing by today, either deliver or refund rite now..else I am going to consumer court with ur replies",RETURN_REFUND,rule_assisted,medium
"@AmazonHelp Just did it...I want a commitment of my product or money rite now..be a man and do the rite thing by today, either deliver or refund rite now..else I am going to consumer court with ur replies",RETURN_REFUND,rule_assisted,medium
@AmazonHelp Feedback? Are you kidding me? Where is my money and the package...bloddy idiots I am the prime customer and I want the shipment to be delivered rite now...I don't care about ur internal review...get me ur escalation point of contact to call me,GENERAL_SUPPORT,rule_assisted,low
@AmazonHelp Sure..so if compensation is not available...can I name and shame you guys...because u guys are pathetic..can u quickly tell me ur name and employee ID and also ur escalation point of contact..because I am not sitting quiet,ORDER_ISSUE,rule_assisted,medium
@AmazonHelp Sure..so if compensation is not available...can I name and shame you guys...because u guys are pathetic..can u quickly tell me ur name and employee ID and also ur escalation point of contact..because I am not sitting quiet,ORDER_ISSUE,rule_assisted,medium
@AmazonHelp Trust me it useless to narrate my experience in the app feedback...I want a resolution... And commitment that this won't be repeated and a compensation,PRODUCT_TECHNICAL,rule_assisted,medium
@AmazonHelp Trust me it useless to narrate my experience in the app feedback...I want a resolution... And commitment that this won't be repeated and a compensation,PRODUCT_TECHNICAL,rule_assisted,medium
@AmazonHelp I attached the snapshot of that,GENERAL_SUPPORT,rule_assisted,low
"@AmazonHelp OKAY, now I get ""connection timed out"", does GFW play a part here? (I'm in China). Even though, why ""wrong password""?",ACCOUNT_MEMBERSHIP,rule_assisted,medium
@AmazonHelp But everything I used was 100% legit and spent 4 hours yesterday with the bank and amazon making sure there was no problems,GENERAL_SUPPORT,rule_assisted,low
@AmazonHelp But everything I used was 100% legit and spent 4 hours yesterday with the bank and amazon making sure there was no problems,GENERAL_SUPPORT,rule_assisted,low
"@AmazonHelp Error message telling me ""wrong password"", but I am 100% sure my password was right. This happens to everyone around me ...",ACCOUNT_MEMBERSHIP,rule_assisted,medium
"@AmazonHelp Thank you for doing the right thing and solving the problem, though i believe we could have done it on Day1 of issue, but thank you eith way",GENERAL_SUPPORT,rule_assisted,medium
"@AmazonHelp I was supposed to receive a call back,  is this how you want to be a world class company, pls sort my issue out 9051282828",GENERAL_SUPPORT,rule_assisted,low
"@AmazonHelp I was supposed to receive a call back,  is this how you want to be a world class company, pls sort my issue out 9051282828",GENERAL_SUPPORT,rule_assisted,low
@AmazonHelp the above link only signs me into my account. Have already spoken with over 15 of ur cust care staff. No use. Give me ph no of senior staff.,ACCOUNT_MEMBERSHIP,rule_assisted,medium
@AmazonHelp Link Not working,PRODUCT_TECHNICAL,rule_assisted,high
@AmazonHelp It was a request about getting some resources for schools given the discontinuation of love film by post - and what will happen to old dvds,GENERAL_SUPPORT,rule_assisted,low
"@AmazonHelp Replied asking me if I wanted to join love film, that I could keep dvds I have, that film clubs runs for schools(run it)&amp;that it’s stopping",GENERAL_SUPPORT,rule_assisted,low
@AmazonHelp Still getting a string of irrelevant replies from people who can’t read an email. Your service is dreadful,GENERAL_SUPPORT,rule_assisted,low
@AmazonHelp To see if they can support our school,GENERAL_SUPPORT,rule_assisted,medium
"@AmazonHelp Tried that the first time, customer service operators can’t seem to read an email",GENERAL_SUPPORT,rule_assisted,low
"@AmazonHelp can I pls have a direct email address for someone with a brain for your love film by post service,online help proving impossible",GENERAL_SUPPORT,rule_assisted,medium
"@AmazonHelp 1. Does it work without being plugged in to power? 
2. If yes, what is battery life? 
3. Can it be used for receiving and making calls?",GENERAL_SUPPORT,rule_assisted,low
"@AmazonHelp 1. Does it work without being plugged in to power? 
2. If yes, what is battery life? 
3. Can it be used for receiving and making calls?",GENERAL_SUPPORT,rule_assisted,low
"@AmazonHelp 1. Does it work without being plugged in to power? 
2. If yes, what is battery life? 
3. Can it be used for receiving and making calls?",GENERAL_SUPPORT,rule_assisted,low
Anyone here who has used Amazon Echo or Echo plus? How is the experience? Have a couple of questions that their @AmazonHelp rep doesn't know,PRODUCT_TECHNICAL,rule_assisted,medium
#AmazonPayAppQuiz who's the winner @115850 @AmazonHelp,GENERAL_SUPPORT,rule_assisted,low
"@AmazonHelp なるほど。確認したところ、予約した商品の在庫が無かったから、なかなかメールが来なかったんですね…。
ご丁寧にありがとうございました。",GENERAL_SUPPORT,rule_assisted,low
@AmazonHelp No resolution provided.. Thats again a regret msg nothing more.. I need my products,GENERAL_SUPPORT,rule_assisted,low
"@AmazonHelp I hope u r done with all sorries apologies understanding n other such words to keep customer waiting?

Now pls deliver my order.",GENERAL_SUPPORT,rule_assisted,low
@AmazonHelp U need to ur mails first.. Are they of any use???,GENERAL_SUPPORT,rule_assisted,low
@AmazonHelp U need to ur mails first.. Are they of any use???,GENERAL_SUPPORT,rule_assisted,low
@AmazonHelp Have you gone deeper into the issue or it's just an automated instant reply over Twitter?? @115851,GENERAL_SUPPORT,rule_assisted,low
"@AmazonHelp what should i do now ?
just forget it ???",GENERAL_SUPPORT,rule_assisted,low
"@AmazonHelp details updated on link provided. fed up with your delivery system. india resides in Bharat, and your service at bharat is too bad",DELIVERY_ISSUE,rule_assisted,medium
"@115850 @115821 @AmazonHelp
fed up pls look Order#4__credit_card__.
I want my products dont need apologies. more than 5 apologise withme",ORDER_ISSUE,rule_assisted,medium
"@115850 @115821 @AmazonHelp
fed up pls look Order#4__credit_card__.
I want my products dont need apologies. more than 5 apologise withme",ORDER_ISSUE,rule_assisted,medium
@115851 @AmazonHelp @115850 @115821 fire the india sales team. For last 6 days they schedule and cancel the pickup. 404-7148114-1043526,SAFETY_ISSUE,rule_assisted,high
@115851 @AmazonHelp @115850 @115821 fire the india sales team. For last 6 days they schedule and cancel the pickup. 404-7148114-1043526,SAFETY_ISSUE,rule_assisted,high
@AmazonHelp yes did that but no outcome till now. waste of time,GENERAL_SUPPORT,rule_assisted,low
@AmazonHelp shared and still zero outcome,GENERAL_SUPPORT,rule_assisted,low
@AmazonHelp 2 days and zero outcome,GENERAL_SUPPORT,rule_assisted,low
@AmazonHelp i tried almost every single pin code available in the country and none of them worked. please share 1 pin code which is working?,ORDER_ISSUE,rule_assisted,medium
@1404 @AmazonHelp  product is not deliverable to any single pincode in India. making customers fool by listing product at low price https://t.co/3hxhLgCaWd,DELIVERY_ISSUE,rule_assisted,medium
@1404 @AmazonHelp  product is not deliverable to any single pincode in India. making customers fool by listing product at low price https://t.co/3hxhLgCaWd,DELIVERY_ISSUE,rule_assisted,medium
@AmazonHelp @AmazonHelp @115850 @1402 @120781 what is the update Amazon team??,GENERAL_SUPPORT,rule_assisted,low
@AmazonHelp kindly expedite your process it's already been 2 days since I filed this forgery and it's still not resolved.,GENERAL_SUPPORT,rule_assisted,low
@1402 @AmazonHelp can you guys stop the harassment and send me the product I ordered?,ORDER_ISSUE,rule_assisted,medium
@AmazonHelp Grata. Procuro parceria para divulgar pq meus leitores não tem costume de ler ebook. Se tem como anunciar os livros ou divulgar via Amazon,GENERAL_SUPPORT,rule_assisted,low
@AmazonHelp I did not see any email. I only had to call again. Now I see it is rescheduled for pickup tomorrow 2nd Nov.,GENERAL_SUPPORT,rule_assisted,low
@AmazonHelp I did not see any email. I only had to call again. Now I see it is rescheduled for pickup tomorrow 2nd Nov.,GENERAL_SUPPORT,rule_assisted,low
"@115851 @AmazonHelp @115850 @115821  Jeff,India help team is useless. Just provides link https://t.co/ZiE6eGp1Im but fails to act.",GENERAL_SUPPORT,rule_assisted,medium
@AmazonHelp Oh no!!! Thanks anyway. Wish me luck trying to get tickets on Friday...,GENERAL_SUPPORT,rule_assisted,medium
@AmazonHelp Hoooorrrayyy! Not showing up on website yet as an option though?,GENERAL_SUPPORT,rule_assisted,low
@AmazonHelp It says that if I only select one ticket! What's going on?,GENERAL_SUPPORT,rule_assisted,low
@AmazonHelp Well trying to buy 2 tickets but says I've exceeded amount of tickets?? Not what the t and cs say,ORDER_ISSUE,rule_assisted,medium
@AmazonHelp ... Are you guys able to reply to this please?,GENERAL_SUPPORT,rule_assisted,low
@AmazonHelp I submitted all the details. Thank you for reply. Expecting a quick response over my refund. Hope @115850 deliver Customer satisfaction.,RETURN_REFUND,rule_assisted,medium
@AmazonHelp Not that I can see https://t.co/c3atGuyoON,GENERAL_SUPPORT,rule_assisted,low
"@AmazonHelp Le SAV m'a dit hier qu'ils allaient accélérer l'expédition, mais c'est toujours pas expédié... c'est vraiment n'importe quoi Amazon",GENERAL_SUPPORT,rule_assisted,low
"@AmazonHelp J'ai voulu annuler ma commande, mais Amazon dit que c'est soit disant trop tard... Vraiment barbant chez Amazon ! Que des problèmes!",GENERAL_SUPPORT,rule_assisted,low
"@AmazonHelp J'ai voulu annuler ma commande, mais Amazon dit que c'est soit disant trop tard... Vraiment barbant chez Amazon ! Que des problèmes!",GENERAL_SUPPORT,rule_assisted,low
@AmazonHelp Où dois puis-je trouver votre SAV? c'est introuvable sur votre site...,GENERAL_SUPPORT,rule_assisted,low
"@AmazonHelp Hier c'était écrit ""envoi aujourd'hui"" dans le suivi, et ça n'a pas été expédié hier... #troll",GENERAL_SUPPORT,rule_assisted,low
@AmazonHelp Pourtant c'était écrit Prime en dessous de l'article quand il était dans mon panier...,ACCOUNT_MEMBERSHIP,rule_assisted,medium
@AmazonHelp Pourtant c'était écrit Prime en dessous de l'article quand il était dans mon panier...,ACCOUNT_MEMBERSHIP,rule_assisted,medium
Je ne vois vraiment pas l'intérêt d'avoir prime... (article en stock et expédié par Amazon) @AmazonHelp https://t.co/4pnOr895TR,ACCOUNT_MEMBERSHIP,rule_assisted,medium
@115850 @AmazonHelp @115851 #my Prime membership expired &amp; I got a notification AFTER that. Now I've had to renew at higher cost. (1),ACCOUNT_MEMBERSHIP,rule_assisted,medium
"@AmazonHelp worst service experience in last 3 months, delivery boy is so unprofessional &amp; absurd in talking as if he is doing favour for me",GENERAL_SUPPORT,rule_assisted,low
@AmazonHelp Oui contacté ma banque et porté plainte pour fraude. Je ne sais pas si je vais pouvoir être remboursée. Etait ce une fraude ou une erreur ?,GENERAL_SUPPORT,rule_assisted,medium
@AmazonHelp La réponse a été que je devais voir avec ma banque. Pourtant à l'origine il y a bien eu un problème sur Amazon.fr,GENERAL_SUPPORT,rule_assisted,low
"@AmazonHelp Bonjour, mon problème n'a toujours pas été réglé après remplissage du formulaire",GENERAL_SUPPORT,rule_assisted,low
"@AmazonHelp que mon dossier devait être examiné, puis que je serais recontactée sous un délais de 48h. Je n'ai jamais été recontactée",GENERAL_SUPPORT,rule_assisted,low
@115821 @115850 @AmazonHelp delivery boy was too arrogant when I asked him to deliver my order next day he cancelled my order#annoyed,GENERAL_SUPPORT,rule_assisted,low
@AmazonHelp Gerade nachgeschaut. Kommt erst morgen...dann kann ich ja meine Planung für diese und nächste Woche verwerfen -.- https://t.co/6BT20Pvdg2,GENERAL_SUPPORT,rule_assisted,low
"@AmazonHelp Bringt nichts, da ich heute Abend Hannover wieder verlasse und die Bestellung für meine Eltern ist, ich es aber für sie einrichten muss...",GENERAL_SUPPORT,rule_assisted,low
"@AmazonHelp Es ärgert mich halt, da ich mit Prime bestellt habe, mir jetzt extra frei genommen habe und trotzdem mehr Aufwand habe als ich haben sollte.",ACCOUNT_MEMBERSHIP,rule_assisted,medium
"@AmazonHelp Es ärgert mich halt, da ich mit Prime bestellt habe, mir jetzt extra frei genommen habe und trotzdem mehr Aufwand habe als ich haben sollte.",ACCOUNT_MEMBERSHIP,rule_assisted,medium
"@AmazonHelp Am Ende hat alles geklappt, der Stick funktioniert auch größtenteils. Danke!",GENERAL_SUPPORT,rule_assisted,low
"@AmazonHelp heißt das, das  ich umsonst zu Hause geblieben bin und ich hätte zur Arbeit gehen können da es wohl heute nicht mehr kommt? https://t.co/gSCaua0Qrd",GENERAL_SUPPORT,rule_assisted,low
@AmazonHelp https://t.co/QCt7kMtESE,GENERAL_SUPPORT,rule_assisted,low
@AmazonHelp How would they know why you are directing people to The Works?,GENERAL_SUPPORT,rule_assisted,low
"@AmazonHelp Except that isn't the case.
1 Why not?
2 Why are you sending people to The Works?
3 Why is that book in Home &amp; KItchen?
4 What do you suggest I say to Bonnier when I call their switchboard as you suggest, to find out what Amazon is up to?
5 What is the point of having Prime?",ACCOUNT_MEMBERSHIP,rule_assisted,medium
"@AmazonHelp Except that isn't the case.
1 Why not?
2 Why are you sending people to The Works?
3 Why is that book in Home &amp; KItchen?
4 What do you suggest I say to Bonnier when I call their switchboard as you suggest, to find out what Amazon is up to?
5 What is the point of having Prime?",ACCOUNT_MEMBERSHIP,rule_assisted,medium
@AmazonHelp I have 'reached out' to you here - you have the information you need.  (You're compounding things by saying 'reach out' by the way . . .),GENERAL_SUPPORT,rule_assisted,medium
"@AmazonHelp You have all the information you need - just reply here thanks.  People get in touch this way because that is what they prefer - no forms, no phone calls, so please respond.",GENERAL_SUPPORT,rule_assisted,medium
"@AmazonHelp You have all the information you need - just reply here thanks.  People get in touch this way because that is what they prefer - no forms, no phone calls, so please respond.",GENERAL_SUPPORT,rule_assisted,medium
"@AmazonHelp Is there a problem with books in the last couple of days?  Been trying to buy one that is a bestseller but you say only third parties offer it which is odd.  Similarly, the link for a book I ghosted - also a bestseller at the moment - says 3rd party only.",ORDER_ISSUE,rule_assisted,medium
"@AmazonHelp On me dit, impossible d'annuler car c'est prêt pour être expédié, mais vous  ne l'expédiez pas...",GENERAL_SUPPORT,rule_assisted,low
"@AmazonHelp hahahaha, you sent me this yesterday. If my problem is, I can't login, how do you expect me to complete this page I have to log in to?",ACCOUNT_MEMBERSHIP,rule_assisted,medium
@AmazonHelp Undeliverable. Which makes no sense because my first package was easily delivered at 2pm but this one wasn't at 6pm?,DELIVERY_ISSUE,rule_assisted,medium
Dear @AmazonHelp I've been paying for prime for awhile and having 2 packages due today &amp; one being undeliverable is VERY annoying. Explain,ACCOUNT_MEMBERSHIP,rule_assisted,medium
@AmazonHelp They are saying that amazon took the courier scanned it and returned.. they have no idea on how the box is empty,RETURN_REFUND,rule_assisted,medium
@AmazonHelp They are saying that amazon took the courier scanned it and returned.. they have no idea on how the box is empty,RETURN_REFUND,rule_assisted,medium
Hi I returned my order and I followed the proper procedure but got back an empty dabba from post office. @115850 @AmazonHelp PFA photos https://t.co/DmP0UrEttf,RETURN_REFUND,rule_assisted,medium
Hi I returned my order and I followed the proper procedure but got back an empty dabba from post office. @115850 @AmazonHelp PFA photos https://t.co/DmP0UrEttf,RETURN_REFUND,rule_assisted,medium
"@115850 
@AmazonHelp what's update of this? https://t.co/rZxXAjgtps",GENERAL_SUPPORT,rule_assisted,low
"@115850 
@AmazonHelp what's update of this? https://t.co/rZxXAjgtps",GENERAL_SUPPORT,rule_assisted,low
@AmazonHelp  https://t.co/HWXuUYZUsi,GENERAL_SUPPORT,rule_assisted,low
"@AmazonHelp s/o to Amer at customer service for being helpful and understanding, as well as helping me actually get my money back!",RETURN_REFUND,rule_assisted,medium
That's @AmazonHelp return experience summed up in 2 images. The pick up person has been rescheduling and cancelling on his own. @115850 https://t.co/fM0w6AUv1t,RETURN_REFUND,rule_assisted,medium
That's @AmazonHelp return experience summed up in 2 images. The pick up person has been rescheduling and cancelling on his own. @115850 https://t.co/fM0w6AUv1t,RETURN_REFUND,rule_assisted,medium
@AmazonHelp U only email me that we vl solve ur problem but still it's not.. u r only wasting time,GENERAL_SUPPORT,rule_assisted,low
@AmazonHelp Every time new person send me mail &amp; only give me assurance to resolve problem nothing apart from this,GENERAL_SUPPORT,rule_assisted,low
@AmazonHelp I think I am talking with ROBOT..only copy paste line I received.. my biggest mistake to purchase from #Amazon  ..,GENERAL_SUPPORT,rule_assisted,low
"@AmazonHelp R u getting my words I had mailed today they mailed me same thing ""we will solve ur issue soon"" this should be your tag line #Amazon",GENERAL_SUPPORT,rule_assisted,low
"@AmazonHelp R u getting my words I had mailed today they mailed me same thing ""we will solve ur issue soon"" this should be your tag line #Amazon",GENERAL_SUPPORT,rule_assisted,low
"@AmazonHelp it's 3rd week still I haven't received my replacement order, I had received unworkable mobile &amp; still it's not replace #Amazon",ORDER_ISSUE,rule_assisted,medium
@AmazonHelp Unfortunately I'll have to cancel it then..disappointed https://t.co/YrXSmd0Duh,GENERAL_SUPPORT,rule_assisted,low
@AmazonHelp What happened? No one gives a solution. Now I’m not confident to buy anymore,ORDER_ISSUE,rule_assisted,medium
@AmazonHelp Nothing in spam inbox. Got no answer. It’s a waste of time. Very disappointing,GENERAL_SUPPORT,rule_assisted,low
@AmazonHelp I sent an email to customer service and I got no answer,GENERAL_SUPPORT,rule_assisted,low
"@AmazonHelp J’ai commandé lundi deux produits, bénéficiant de Prime j’ai opté pour la livraison le soir. Ils ne sont jamais arrivés.",ACCOUNT_MEMBERSHIP,rule_assisted,medium
@AmazonHelp Oui j’attends un mail de remboursement qui n’est jamais arrivé,GENERAL_SUPPORT,rule_assisted,low
@AmazonHelp Je devais le recevoir hier :/,GENERAL_SUPPORT,rule_assisted,low
@AmazonHelp Never before!,GENERAL_SUPPORT,rule_assisted,low
@AmazonHelp it says it's out for delivery now but has been attempted 2 or 3 times so far.,DELIVERY_ISSUE,rule_assisted,medium
@AmazonHelp It’s a large hospital so not really.,GENERAL_SUPPORT,rule_assisted,low
@AmazonHelp I think it’s amazon. The email doesn’t give any specifics.,GENERAL_SUPPORT,rule_assisted,low
"@AmazonHelp It notes its being sent back to the sender - which, if true, is totally unacceptable - not exactly #prime level service",ACCOUNT_MEMBERSHIP,rule_assisted,medium
@AmazonHelp can you explain why a package I was due to receive yesterday was marked as refused at my address - when no one refused it? Poor.,DELIVERY_ISSUE,rule_assisted,medium
@AmazonHelp Hi can you tell me how I make a complaint about your delivery drivers?,GENERAL_SUPPORT,rule_assisted,low
"@AmazonHelp I was told my account is on hold, if I can’t use my gift cards please return my money back to me Okay",GENERAL_SUPPORT,rule_assisted,low
"@AmazonHelp Simply delivery attempt. Could not deliver today. I imagine it was because it was a business add and after 5, but no attempt was ever made.",DELIVERY_ISSUE,rule_assisted,medium
@AmazonHelp No. I’ve signed in and it still says due 31st,GENERAL_SUPPORT,rule_assisted,low
@AmazonHelp I have sent an email as the same thing happened to me today. The delivery attempt was never made.,DELIVERY_ISSUE,rule_assisted,medium
@115850 @AmazonHelp Order has not been picked up niether any update from Amazon or courier partner...,GENERAL_SUPPORT,rule_assisted,low
