customer_message,amazon_reply
"@AmazonHelp 電話で対応してもらいましたが改良されませんでした。
保証期間も過ぎてるので買い直しになるんでしょうね。",@115770 カスタマーサービスにてお問い合わせ済みとのことで、お手数をおかけいたしました。リプライいただきありがとうございました。ET
@AmazonHelp こちらこそありがとうございました。,@115770 恐れ入ります。至らない点も多々あるかとは存じますが、今後ともどうぞよろしくお願いします。ET
"@AmazonHelp 3 different people have given 3 different answers and I still don't have my order. Says delivered Saturday, was not, I was home all day",@115820 We'd like to take a further look into this with you! Please reach us by phone or chat here: https://t.co/hApLpMlfHN ^AG
"@AmazonHelp Okay, danke für die Info",@115824 Wir haben zu danken. Schönen Abend noch. ^JS
@AmazonHelp @115826 Yeah this is crazy we’re less than a week away and still no Shipping Information on something that we Pre-ordered back in August,@115827 Thanks for your patience. ^KM
@115821 @AmazonHelp why is my order at my local courier for the last 6 days and still hasn’t been delivered to me?? Over 1 week late 😡,@115831 I'm sorry for the wait. Please reach out to us so we can take a closer look at this delivery: https://t.co/JzP7hlA23B ^SH
@AmazonHelp Hi ready for some help,@115834 Were you able to reach us at the link DW provided? ^TR
@AmazonHelp Is the Echo Show no longer supported?,"@115834 The Echo Show is supported, please reach us for some live troubleshooting at your convenience: https://t.co/hApLpMlfHN ^DW"
"Bought an @115821 Echo Show and it won’t recognize a single @AmazonHelp account in our household. WTF, guys?","@115834 Oh no, I'm sorry for the issues! For troubleshooting, please check out our Echo Help pages here: https://t.co/a31c4ynHES ^SG"
@AmazonHelp That page is useless - doesn’t allow me to state it hasn’t been delivered; only tells me it has! How can you sort this out?,@115835 You can also request a call back here Martin https://t.co/zH8UlhTGcc ^KM
.@AmazonHelp Item has not been delivered but tracking says it was handed to me over an hour ago... 2nd time this has happened. Sort it out https://t.co/42W82GcARk,@115835 I'm so sorry you didn't receive your parcel! We'd like a chance to look into this with you here: https://t.co/JzP7hlA23B ^SY
"@AmazonHelp I don't want a form to fill out that logs a response no one reads. I want to prevent AMZL from touching my stuff. Possible, or no?","@115838 Is there a current order you're having difficulties with? Please let us know, we'd like to help! ^KL"
@AmazonHelp Already started the return. UPS gets it from my doorstep tomorrow. Order 111-5014070-4118645,@115838 Provide your details here: https://t.co/6f6cWZv7vm and my team will escalate the order to Amazon Logistics for feedback. ^EZ
@AmazonHelp Is it possible to prevent AMZL from delivering my packages moving forward? Stuff is either lost/stolen/broken EVERY time.,@115838 Oh no! We want to hear more about your experience with AMZL. Please provide your feedback here: https://t.co/hApLpMlfHN ^SH
"@AmazonHelp Already handled, just venting. It was a pretty big bummer.",@115839 Let us know if there’s anything else we can do for you! We're happy to help out any way we can! ^FR
"@AmazonHelp delivery I paid for today,didn’t arrive.why not?i paid enough for it.where is it??I’m unhappy.refund the delivery charge","@115842 Oh no! Please contact us via phone/chat here: https://t.co/JzP7hlA23B
We're unable to view order details via Twitter. ^KL"
@AmazonHelp Details sent. Please check.,@115849 Thanks for confirming that the details have been shared. Our team will give it a look and reach out shortly. ^AB
@AmazonHelp Already contacted 3-4 times in the last month. But all I got was assurance that matter is escalated &amp; new status will be provided in 1 day!,@115849 Please share your details here:https://t.co/GIJyeYqKE0 and I'll get back to you. 2/2 ^HD
@AmazonHelp Already contacted 3-4 times in the last month. But all I got was assurance that matter is escalated &amp; new status will be provided in 1 day!,"@115849 I understand your concern, James. Allow me to take a closer look. 1/2 ^HD"
@115850 @115821 @AmazonHelp @115851 Order# 3632693-6196346. You couldn't deliver EVEN AFTER A MONTH. You should be ashamed of yourself.,@115849 Please report this to our support team here: https://t.co/TdDksLo6Mf and we'll look into this. 2/2 ^HD
@115850 @115821 @AmazonHelp @115851 Order# 3632693-6196346. You couldn't deliver EVEN AFTER A MONTH. You should be ashamed of yourself.,"@115849 Apologies for the delay in delivery of your order, James. We'd like to take a closer look. 1/2 ^HD"
@AmazonHelp since when you stop giving 20% off videogame pre-orders (amazon prime members) im confused? why?,@115852 We still offer discounts on eligible physical game pre-orders. For further details on Prime benefits: https://t.co/80y2YnlQGJ ^MB
@AmazonHelp but I can’t find the options to cancel or re-order?,@116081 I'm sorry for the delay! We'd like to take a further look into this with you! Please reach us here: https://t.co/hApLpMlfHN ^AG
@AmazonHelp Thats the thing I told customer service. I created a new email address for the Prime trial and forgot it. What can I do so I'm not charged?,@116082 Hey Corey! Even on the new account you made you can turn of the auto renew through the same link ^SK posted for you. ^AJ
@AmazonHelp You have to log in. I don't remember the email address I used. Can you look up the account by my bank information?,@116082 It would be best if you get in touch with us by phone or chat.use this link to do so:  https://t.co/hApLpMlfHN ^CH
@AmazonHelp I called customer service and was told my membership wouldn't be renewed. I was just charged today. How do I get a refund? https://t.co/SeoQUsA0VA,@116082 Canceling your Prime membership can be done here:https://t.co/MlOxxuNX7N. You'll be shown your estimated refund there. ^SK
"@AmazonHelp I have tried. It’s not allowing me to access my account to cancel my membership, I haven’t even used prime in almost 3 months.",@116083 I'm sorry to hear you're not able to access your account. Please use this link instead to contact us: https://t.co/zYVX1Qi29G. ^LH
@AmazonHelp where can I chat with a support member for a false charge,@116084 I'm sorry you've encountered an unknown charge! We'd be happy to look into this with you here: https://t.co/hApLpMlfHN ^BL
@AmazonHelp if I add another adult to my Amazon household (with their own account) can they see my wishlists/photos/order history?,@116085 Thanks for reaching out to us! You can find info on adding household members here: https://t.co/i3uumZzaok ^MO
"@AmazonHelp My package just got here. All good, thank you!","@116087 Thank you for keeping us posted, Rachael! ^BA"
@AmazonHelp Never got the beta and now I’m being told I won’t get ANY of the other stuff. Including Last Jedi content and or bonus classes. Anything! :(,"@116088 We'd like to see what we can do to help. What date did you place the order on, and which version did you order? ^MB"
@AmazonHelp Deluxe edition on September 16th. It definitely had the pre orders on the profile because that’s why I ordered. Also why I paid for Prime..,@116088 Could you link us to the page of the item on our website? This will allow us to take a closer look at all options. ^VB
@AmazonHelp Star Wars Battlefront 2 Elite Trooper Deluxe Edition Playstation 4 https://t.co/6K7WdDcY2P preorder info is in description. Thanks for help,@116088 Thanks for the link. We are not a participating retailer to receive the bonus content. Details: https://t.co/hJIrBtSMrl ^BE
"@AmazonHelp Fulfilled by Amazon. It’s quite disturbing you’re selling counterfeit items, and can’t be trusted.","@116091 We'd like to look into this with you in real time, Bry. When you can, please ring or chat in with us: https://t.co/JzP7hlA23B ^BL"
Two fake items in one day. Time to cancel my Amazon Prime membership. @AmazonHelp,@116091 Oh no! I'm so sorry to hear this. Was the item sold by Amazon directly or Third-party seller: https://t.co/aaDyEz1VgE. ^LH
@AmazonHelp I have. No luck.,@116092 Sorry you're still having trouble! What error are you seeing when you try to use the app? ^JP
@AmazonHelp It’s not allowing me to update it to register my new amazon account. I read I’d have to do so manually. Thx 4 response.,@116093 No problem! You may need to deregister the Kindle from the old account. You can see how here: https://t.co/zyUJKBZObw ^AJ
@AmazonHelp that is not my apartment!!!!!!! This is the sending time!!!! Where is my package!!!!!!!!!! https://t.co/EIY6DZUCDC,"@116094 (2/2) Also, for your security, I'd recommend deleting the image, as it contains your tracking number. ^WT"
@AmazonHelp that is not my apartment!!!!!!! This is the sending time!!!! Where is my package!!!!!!!!!! https://t.co/EIY6DZUCDC,@116094 I'm so sorry! We'd like to make sure this is addressed. Please provide some details here: https://t.co/KctVgMFvbp (1/2)
@116096 Truly. This is the strangest vampire book I’ve ever received. 😜 cc @43760 @AmazonHelp #misship https://t.co/Zad7Az14Zg,@116095 I'm sorry you received an incorrect item. Have you checked out our return/replacement options here: https://t.co/FRsodhtXKJ? ^FJ
"@AmazonHelp 先日教えていただいたように、fireTVstickとルーターの両方を再起動してみたら、前回のようには途切れなくなりました！ありがとうございます😊今の所大丈夫ですが、あとは72時間TV当日に接続が切れてしまわないように祈るのみです...。
お礼と報告まで。 https://t.co/hS5VmxuIfX",@116312 わざわざご連絡をいただき、ありがとうございます。問題が改善されたようで、何よりでございます。万が一再度お困りのことがございましたら、ご遠慮なくお知らせください🙏 YM
@AmazonHelp ご丁寧にありがとうございます！トライしてみて改善されなければCSへご連絡します。返信いただけると思っていなかったので本当に嬉しいです！,@116312 こちらこそリプライいただきありがとうございます！ご様子を見ていただき、改善されない場合、お早目にカスタマーサービスにご連絡いただければと存じます。よろしくお願いいたします m(_ _)m HM
"@AmazonHelp ありがとうございます！
テレビにstickを接続しているのですが、WiFi接続がすぐに切れてしまい、数分しか見ることができません。","@116312 かしこまりました。端末、ルーター、モデムを再起動し改善するかお試しください。https://t.co/mUMGYDqPEM
改善しない場合、カスタマーサービスにお知らせください。https://t.co/NtNAX37Sr4 ET https://t.co/kp0Ug6rMsZ"
"@AmazonHelp Just now, don't use Amazon much so didn't know the process if you don't receive an item","@116314 Please allow 48 hours for the seller to respond, Allen. Let us know how it works out and if we can help with anything else! ^CN"
@AmazonHelp Wasn't tracked as sent via Royal Mail. I've emailed the seller.,@116314 How long has it been since you've e-mailed the seller? ^TR
@AmazonHelp Yeah I sent you a DM too. Had an email saying when it had been dispatched but nothing since.,@116314 We're unable to view any account information via Twitter. What's the current tracking shown here: https://t.co/aaDyEz1VgE? ^AG
"@AmazonHelp Hi, I ordered an item on 18 Oct which said it would be delivered by 20 Oct and I still haven't received it. Can you help? Thanks",@116314 I'm sorry you haven't received it yet! Have you had an e-mail regarding the order? Please check junk/spam and let us know! ^TG
"@AmazonHelp I'm learning German, so I don't really mind between German/English. If I have to choose, I say German.","@116315 Du kannst bei den Kategorien ""Bücher"" oder ""Bücher Fremdsprachig"" auswählen, wobei ersteres deinem Wunsch entspricht. Gruß ^JS"
@AmazonHelp I allowed it well past 8 PM. I was never notified about any other delays,@116317 I'm sorry that it still hasn't arrived. Please contact us so that we can look into this together: https://t.co/hApLpMlfHN ^EA
"@AmazonHelp I made a same day ship mid Monday and it said it would deliver that day. It didn’t. Today it still says out for delivery, still no show.","@116317 I'm so sorry for the late delivery, Kimmie! Our carriers can deliver until 8 PM, please keep us updated on its arrival. ^BE"
"@AmazonHelp hello, I’m having an issue with a same day ship order.  Can you help me?",@116317 Hello! We'd love to help. Can you tell us a bit more about what's happening? ^EB
Erm @AmazonHelp I bought this item for £5.99... why am I only getting £1.67 back?! https://t.co/lb33bFOcW0,"@116318  We'd like to take a closer look into this refund for you. Please reach us at:https://t.co/JzP7hlA23B
 ^CC"
Erm @AmazonHelp I bought this item for £5.99... why am I only getting £1.67 back?! https://t.co/lb33bFOcW0,"@116318 I'm sorry you didn't receive the refund amount you expected. Please check here for more info: 
https://t.co/I5rEOyBt2k ^BT"
@AmazonHelp Where is my order? https://t.co/pXnKSCo2ex,"@116319 I'm sorry it hasn't arrived! Please reach us here: https://t.co/e6dQwzp386, so we can look into available options. ^SJ"
"@AmazonHelp yes i did,but amazonuk is not doing the refund process.if they do it .i will get the money","@116321 I would like someone from our team to take a look into this for you, Sanu. Please reach out here: https://t.co/QtC7bueYoR ^LA"
@AmazonHelp i mailed amazonuk so many time. but i havent got any progress.customer care just saying thats in the billing section.no i havent got refund,@116321 Have you had a chance to speak with your bank regarding the refund? ^EA
@AmazonHelp and redund issued on 13th https://t.co/1uydlorGCp no sing of my money and amazonuk just saying its in the billing department.no signof devlp,@116321 When you last contacted us what information did we provide? Have you spoken with your bank to see if they have the refund? ^LR
"@AmazonHelp I've been in the prime queue, kindle queue, the echo queue, and now on hold again.",@116322 We'd like to look deeper into this issue. Please provide us with more information here: https://t.co/wpDDiHUP4k. ^LH
the @amazonhelp queue is clueless on Amazon Household,"@116322 I'm sorry for the frustration! Without giving account/personal details, can you please provide us with more info? ^AC"
@AmazonHelp Well ok but @116324 said it’s been dlvd so I can’t see how they will bother to deliver it now! I think they have washed their hands of it,@116323 We're definitely here to help! Please reach out to us by phone here: https://t.co/JzP7hlA23B ^SE
@116324 not dlvd after 1 wk. U lied 2 @AmazonHelp saying left in safe place on Fri. Yesterday u said wld be dlvd 24-48hrs. Sort this now!,@116323 I'm sorry your order hasn't arrived yet! Please let us know if you haven't received it within 48 hours. ^EB
@AmazonHelp No on the card. It works only half the time. Yes on USPS. They say my delivery person won’t deliver anything over 30 lbs. just sends it back,"@116325 We'd like another chance to look into this. Please reach out by phone or chat: https://t.co/hApLpMlfHN

Please keep us updated. ^FJ"
@AmazonHelp Want to speak to someone at corp to address these issues.,@116325 Have you tried deleting the card from the account and re-adding it? Have you reached out to USPS about these deliveries? ^AF https://t.co/1XyLaGkcaN
@AmazonHelp Multiple calls to call amazon call center with zero resolution and never a promised call back.,@116325 Can you tell us what insight / advice was provided with when you spoke with us last? We'd like to help if we can. ^BG
@AmazonHelp There was only one costing a lot more than £20 and  FBA -stating eligibility !,"@116610 We'd like to take a look into this with you. When you have a moment, please reach out to us here: https://t.co/qy3J24VGxb ^AC"
@AmazonHelp All of them,@116611 Hmm.... Let's take a closer look into what's going on here: https://t.co/jzvkhdlrK5 ^ML
@AmazonHelp i reset my password 3 times and it still says incorrect you gotta be shitting me,@116611 I'm sorry for the trouble! Have you tried the steps outlined here? https://t.co/POJ37mWiEk ^LA
@AmazonHelp I can’t log in because it’s locked.,"@116612 The link ^TN provided will allow you to contact us without signing in! Select ""skip log in"" and you'll be in touch in no time! ^VB"
"@AmazonHelp um, my account was locked as soon as I tried to login on desktop. I still haven’t received an email on how to get it unlocked...",@116612 I'm sorry your account is locked! Please reach out directly to us here: https://t.co/jzvkhdlrK5 so we can take a closer look. ^TN
@AmazonHelp Kann ich dann wenigstens mein Amazon-Konto aufladen um zu bezahlen. Ich habe keine Kreditkarte und möchte auch keine,"@116613 Du hast die Möglichkeit, Amazon.de Geschenkkarten aus dem stationären Handel für deine Bestellungen einzulösen. Gruß ^DS"
@AmazonHelp Warum ist es mir (und scheinbar auch ein paar anderen) nicht möglich per Bankeinzug zu bezahlen?,@116613 Hier findest du alle Infos darüber: https://t.co/FSmvkW0SJB ^AS
"@AmazonHelp na ultima atualização da entrega do meu pedido, consta que não foi possível localizar o meu endereço, poderia ajudar?",@116614 Olá Georgiano. Sinto muito em saber disso. Por favor entre em contato com o nosso SAC no seguinte link: https://t.co/ouAOLcNWp4 ^JJ
@AmazonHelp infórmese... no voy a perder más mi tiempo...,@116616 ¿Puedes explicarnos bien el inconveniente  y mandarnos los detalles en este enlace por favor? https://t.co/kUkXHFkYWd  ^JJ
"@AmazonHelp Many times, but still failing, and it happen with some show",@116617 Is this still ongoing? What devices are you using? ^AN
@AmazonHelp Sadly yes,@116617 What devices are you using for Amazon Video? ^AN
"@AmazonHelp Mac book pro, with Chrome",@116617 In this case please contact my colleagues via: https://t.co/LFLW8z8jr2 They will help you! Regards ^DW
"@AmazonHelp Mac book pro, with Chrome",@116617 Hi! I just wanted to ask if my colleagues could assist you? Regards ^TA
"@AmazonHelp I need to change the language of my account to be able to get support, which I don't have the time to do, there's any other way to contact?",@116617 Changing language is just a simple click: https://t.co/CXXk5VglR4 You can reach our support here: https://t.co/aAfOxTGpe1 ^UK
So sad @AmazonHelp @115830 ruined his FIRST Halloween by failing to deliver his tiny costume 2 days running #whypayprime? #amazon #prime,@116830 Oh no! Did we miss the expected delivery date from your confirmation e-mail here: https://t.co/OmqrPtDrzj Please let us know. ^KL
"@AmazonHelp アカウント凍結して不正アクセスを調べてもらうことになりました。
ありがとうございました。",@116848 恐れ入ります。調査結果を今しばらくお待ちくださいますようお願いいたします。リプライありがとうございました。　SM
"@AmazonHelp how is Amazon going to solve this? By mail, text, call, customer phone service, no one is able to help me https://t.co/jhzCjY2bOw",@116849 We want our team to investigate this further with you. Please reach out to us using the secure link: https://t.co/m1LX91jiEQ
"@AmazonHelp already tried help by mail and still problem persist, please close my account and don't want to be a customer anymore https://t.co/m2g5tP26fX","@116849 I'm sorry. We can't access your account via Twitter. For assistance, please reach us here: https://t.co/jzvkhdlrK5 ^WT"
"@AmazonHelp no luck it keeps asking for code witch is not sending to my phone can Amazon eliminate the 2 step method, this is so frustrating","@116849 I'm so sorry for the frustration, Luis. We should absolutely be able to help! Please contact us using the link TN provided. ^SD"
"@AmazonHelp no luck on receiving the code by text or call, will I loose my account, yesterday a phone representative tried to help already https://t.co/Yn5SUBQonU",@116849 I'm sorry for the challenge signing in. Please use the link from above again so that we can help. Keep us updated! ^MH
@AmazonHelp USAs Amazon. Com,@116849 Please reach out to us directly here: https://t.co/jzvkhdlrK5 We'd love to help get you logged in! ^TN
@AmazonHelp Im not receiving 2step code by text or call in my smartphone can't log in into my account already got help by phone with no luck,@116849 Sorry you're having problems logging in. Please let us know which Amazon site you are using (.com .es). Thanks. ^SE
@AmazonHelp They said it was UPS. UPS says they never received the package to deliver ¯\_(ツ)_/¯,"@116851 To confirm, what does the latest tracking update show? Please check here: https://t.co/eR31oAnsW2 ^BE"
@AmazonHelp Excelente servicio! Recibí mis paquetes hace un par de minutos!,@116874 ¡Nos alegra saberlo Quirino! Te agradecemos que nos hayas contactado y esperamos que puedas disfrutar de tu compra. Quedamos a tu servicio. ¡Saludos!  ^PC
@AmazonHelp Solo dice “en reparto” pero no tiene un número de contacto con el repartidor que es de Amazon Services 😩,"@116874 Gracias por la información, Quirino.
Por favor, contacta con nuestros colegas de Servicio al Cliente para una atención personalizada y puedan darte información precisa sobre tu paquete.
Lo puedes hacer a través del siguiente enlace: https://t.co/beR78zMMYB
^LC"
@AmazonHelp No. Como puedo contactarlo,@116874 Quirino al ingresar al correo de confirmación de compra te aparecerá un enlace en el cual esta el número de guía de tu pedido. También puedes utilizar la siguiente información para contactar con el transportista:  https://t.co/mEKBC5rf63 ^PC
@AmazonHelp I have no option but to see if my delivery arrives on the scheduled date. But I will contact customer services if it doesn't arrive on time.,@116877 Thanks for the additional information. Keep us posted on the arrival of your packages! Let us know if you have any further questions. ^SW
"@AmazonHelp I would like it replaced not refunded. But the sale is over, and doesn’t look like you have it in stock at the site. What are my other options?","@116912 Thanks for reaching back out to us! If your item is not eligible for replacement, you can still return the item for a full refund instead. You can view your replacement and/or return options here: https://t.co/TGLNUK2VHy ^BN"
@AmazonHelp It's now a police matter. You could check the police report.,"@116913 I'd like to have a member of our team ensure this is escalated to the correct teams for investigation. When you have a moment, please send us as many details as possible here: https://t.co/DFWr7dqiz5 ^SB"
@AmazonHelp And you guys have officially lost me as a customer. Was promised today...was never shipped. Give me my refund please so I may take my business else where. https://t.co/69tW0B5r9H,@116914 I'm truly sorry for the inconvenience! We don't have access to your account via Twitter. We'd like to help if we can. Please connect with us here so we can assist you: https://t.co/hApLpMlfHN ^MO
"@AmazonHelp AMZL US Tracking ID TBA566517950000 it says delivered to mail room, I checked the mail and the front offce, the driver listed 1 package, in that one package was my XLR cables...I'm missing the controller.","@116914 I understand your frustration! Our team would like a chance to address this concern. At your convenience, include your details here: https://t.co/hKZOmv3DMU ^SJ"
"@AmazonHelp No, I can't check. It shows nothing. And customer service rep was NO help.","@116915 If you would like to contact our support team via phone, please give us a call so we can review these details with you: 1-866-216-1072. ^WM"
"@AmazonHelp いえいえ！
問題解決しました！！助かりました、ありがとうございます(´；ω；｀)
はい！これからもお世話になります〜🎶",@116918 ( ´∀｀)bｸﾞｯ! TY
@AmazonHelp 親切にどうもありがとうございます(;_;)(;_;),"@116918 突然のリプライで、驚かせてしまってすみませんでした (´・ω・`) 
また、お困りごとやご不明点などあれば、ご遠慮なくお声がけくださいませ。
引き続き、Amazonをよろしくお願いします(o*。_。)oペコッ"
@AmazonHelp 今までコンビニで支払いが出きるという支払い方法でAmazonさんにお世話になっていたんですけど、選択画面にその支払い方法が表示されなくて、色々いじってみたんですけどどうにも……！,"@116918 一部の商品では、コンビニ・ATM・ネットバンキング・電子マネー払いが選択できない場合がございます。詳細は、下記ご参照ください。https://t.co/VcRraQMtn0
なお、クレジットカード以外でのお支払いをご希望の場合は、Amazonギフト券のご利用をご検討くださいませ。TY"
@AmazonHelp Trying to get a friend's playlist on my Amazon music app but it keeps giving me the following message https://t.co/o6zINm6HBC,@116919 Very strange! Is your friend able to replicate the issue on his app? You might also need to try uninstalling and reinstalling the app.  ^JP
@AmazonHelp いつもお世話になってます(´ω`),@116920 ご愛顧いただき誠にありがとうございます！　今後とも末永くどうぞよろしくお願いいたします♪┗(＾ω＾)┛　SM
@AmazonHelp Thank you so much once again for kinds of word,@116921 You're welcome Dhiraj. :)
@AmazonHelp I’m looking to reroute all my packages (except 1) to a nearby Amazon locker. I’ll DM you now :),@116923 Thanks for the information. We've responded to your DM. ^GG
@AmazonHelp hey amazon - please help me :( i hVe tried calling and chatting with y’all but keep hitting walls. DM?,"@116923 We'd like to help in any way we can, Juan! I've enabled direct messaging. Without providing personal or account information, please tell us a little more about what's going on. ^FD https://t.co/1XyLaGkcaN"
@AmazonHelp Solicitud (foto del estado de cuenta),@116926 Puedes también comunicarte a través del siguiente enlace de contacto para que se revise tu caso: https://t.co/hWMtJrYuBU    ^PC
@AmazonHelp 10 hours ago.,@116932 Gotcha- Let us know if you haven't heard back from them on Tuesday. ^BL
@AmazonHelp Yes.,@116932 Can you tell us when this information was submitted? Account Specialists can take up to 2 business days to investigate an account when the information has been sent. ^EZ
"@AmazonHelp Still not working.  They sent me a link to reset the password, try and sign in with new password and still locked out.",@116932 Did information get sent to our Accounts Specialists to look into when you contacted in? ^DO
@AmazonHelp Someone keeps trying to buy playstation cards on my account.  Having a hard time getting customer service,"@116932 Thanks for letting us know about this, Jon. We're here to help! We can be reached 24/7 here: https://t.co/hApLpMlfHN. Please do keep us in the loop. ^BL"
"@AmazonHelp Danke für die schnelle Antwort... ja, ich werde mal nachfragen, was da schiefgelaufen sein soll. Ihnen auch einen schönen Abend noch.",@116933 Danke :-)
"Ach schau an. Meine Bestellung war unzustellbar... @AmazonHelp, was ist da denn passiert? Bekomme ich mein Geld nun wieder?",@116933 Bei unzustellbaren Sendungen wird gewöhnlich nach Bearbeitung der Retoure eine Erstattung veranlasst. Den Grund können wir von hier aus leider nicht einsehen. Bei Fragen hierzu kannst du dich gerne per E-mail/Telefon an unseren Kundenservice wenden. Schönen Abend ^MH
@AmazonHelp But why has every item got  3+ days processing time when it's usually next day,@116936 Some deliveries may take slightly longer than usual. You can read more information on here: https://t.co/VrNzEOwawt ^KI
@AmazonHelp Trying to place an order this happened before and deleting and rentering my address fixed it but now it's across multiple prime accounts to the same address,"@116936 Prime shipping refers to transit time after your orders ship, in working days. Some orders require additional processing and handling. The delivery date shown at checkout is the most accurate.  ^LR"
@AmazonHelp live chat down in the UK and as a prime member I cannot t get any items delivered before Tuesday whats going on?,"@116936 Hi there, I'm sorry for the delivery troubles! Just to confirm, are you trying to place an order right now, or is this an ongoing issue? Are we missing the promised delivery dates here: https://t.co/aaDyEz1VgE? ^DW"
@AmazonHelp Pago para tener el Prime con vosotros para que me tarden en llegar 10 dias? Reembolsadme la compra y lo compro en cualquier otro sitio,"@117084 Zainda, nos comentarías, ¿ya entraste en contacto con nuestro Servicio de Atención al Cliente? ^HC"
"@AmazonHelp ご丁寧にありがとうございます！
逆に面白かったので全く問題ないです！ありがとうございます！",@117087 恐れ入ります🙇 既にハロウィンが過ぎてしまったところ大変恐縮ではございますが、万が一返品や交換をご希望される場合は、お伝えしたURLをご参照いただければと存じます。また、お手続きに関してご不明点がございましたら、ご遠慮なくお知らせください。 YM
@AmazonHelp I’m trying off my fire stick,@117089 (2/2) ... please reach out to us for real-time troubleshooting here: https://t.co/hApLpMlfHN ^WT
@AmazonHelp I’m trying off my fire stick,@117089 I'd recommend restarting your Fire Stick by unplugging it from the TV and wall outlet. If that doesn't work... (1/2)
I go to watch #thebay and episode 7 &amp; 8 aren’t there??? 😭 @117090 @AmazonHelp,"@117089 I'm sorry, I see we do have both episodes available. Can you let us know which device you are streaming this on? ^EB"
@AmazonHelp Please call me,"@117198 If you follow the link ^RR provided, we'd love to give you a call. ^MH"
@AmazonHelp Or you can provide me with a direct dial number and I’ll call it now,@117198 Hi there!  We are not able to see customer's account information here on Twitter.  Please reach out to us by calling 866-216-1072 and keep us updated on the outcome! ^SP
"@AmazonHelp Thank you. Spoke with customer service who was very nice &amp; helpful &amp; put me straight through to a Competent logistics person who documented issue, researched my acct &amp; was going to contact delivery Svc directly to ensure procedures followed. Time will tell. Thank you.",@117198 You're welcome. Reach out again if you have questions in the future. We're here to help. ^JF
"@AmazonHelp Will do in morning. By the way, I’ve complained about this same issue 3 times and twice before directly to carrier.","@117198 When you have a moment, please phone us here: https://t.co/hApLpMlfHN ^RR"
@AmazonHelp UPS supposed to pick up a return package yesterday and bring return label... never showed.,"@117493 I'm sorry your package wasn't picked up! When you have a moment, reach out to us here: https://t.co/EKXRLsnxJu ^AC"
"@AmazonHelp Hecho el procedimiento, lo que me interesa y exijo es que sea devuelto mi dinero puesto que jamás he adquirido algún articulo por este medio","@117495 Mary, si no te has beneficiado de las ventajas de Prime, recibirás el reembolso. Recibirás un e-mail con más detalles. ^LG"
@AmazonHelp my original echo some time say things without asking here anything ! This is really wired and creepy and scary!!,"@117497 Hmm, that's strange! Try going to Settings and reviewing your history. From here, you can see what prompted your Echo. ^FD"
@AmazonHelp Well it says arriving today but honestly I know that’s fake as looked last four days and it’s still the same then https://t.co/3T23E69GE0,"@117498 I understand your concern. At your earliest convenience, we'd like to look into this with you: https://t.co/oGDklGgbCZ ^GM"
@AmazonHelp Thank you but unsure how that’s going to help as just says “put for delivery and arriving today when I know it proberly won’t :/,"@117498 I can understand your reluctance, but we can provide you with additional options depending on who the seller is.  ^SY"
@AmazonHelp Okay....what information do you need to be able to help then???,"@117498 Hi, is the book listed as sold or fulfilled by Amazon? If so, please get in touch with us via the link ^GM provided. ^TS"
@AmazonHelp The last update was on 22nd Oct saying it’s out for delivery.....you can’t tell me it take a over two weeks to deliver https://t.co/iB2HaSBOqk,@117498 It would be best to contact us directly here: https://t.co/JzP7hlA23B and we can look into this further then. ^PK
@AmazonHelp hi I cancelled an item today but the money has not shown back up in my bank yet can you tell me how long it takes?,"@117511 Hi there, items are not billed to you until they have shipped. If you have been charged for the order already, the refund will reflect on your account within 5-7 business days. You can read more about it here:

https://t.co/dexHjftwpD

-RD"
"@AmazonHelp I got it sorted out, after multiple phone calls and failed chat sessions (those were horrible btw)","@117631 Thanks for the update! I'm sorry about the order issues and your inconvenience, but glad that everything has been resolved. ^SE"
@AmazonHelp Hello? So how do I contact someone if I can't log in?! I'm really concerned about what is happening with my acct and who has access to it!,@117632 Hi Emma. I understand. You can use this link (which doesn't require a log in) to get in touch: https://t.co/zYVX1Qi29G ^DC
@AmazonHelp I'm UK based. Are the contact details the same?,@117632 Sorry! Try this one instead: https://t.co/JzP7hlA23B ^TR
@AmazonHelp It looks as though someone has changed the email address linked to my acct &amp; I can no longer log in. Help!,"@117632 We're here to help! Please, reach us phone or e-mail so we can investigate: https://t.co/jzvkhdlrK5 ^EB"
Haha @117634 has been sneakily charging me $9.99 SINCE FEBRUARY for a service I never use💩🙈👎 $90 gone!!! Thanks @AmazonHelp,@117633 Oh no! We'd like to review these charges and available options with you. Please reach us here: https://t.co/hApLpMlfHN. ^EZ
@AmazonHelp Had a package scheduled for delivery today and it didn’t come I’m not happy,@117636 I'm sorry your shipment hasn't arrived; what is the latest status on the order: https://t.co/Y5jpI9gRhE? ^LR
"@AmazonHelp Solved, Thank You",@117638 You're welcome. Do keep us posted for any further assistance. ^MK
"@AmazonHelp Order date
06-Oct-2017
Order #
406-8895581-1413106
Order total
   3,719.00 (1 item) check out yourself","@117789 Please don't provide your details, we consider it personal information. Our Twitter page is visible to public. ^MK"
@AmazonHelp What support team are you talking about ? I called twice n they make it sound like they will graciously refund my money. But then nothing,"@117789 Sorry for this ordeal, Benish. Please share your details here: https://t.co/GIJyeYqKE0 and I'll get in touch with you. ^HD"
@AmazonHelp I have had the hassle to provide my concern on the given link twice and it’s a pain. Use the details I already mentioned. I m not doing it,@117789 Please share your details from the link provided for us to look into your concern and assist you further. (2/2) ^SV
@AmazonHelp I have had the hassle to provide my concern on the given link twice and it’s a pain. Use the details I already mentioned. I m not doing it,"@117789 I get your concern, Benish. As this is a public platform, we wouldn't be able to check your order/account related info. (1/2)^SV"
@AmazonHelp Incredible! I shouldn’t post my details here Coz it’s public. While you can’t access it being in Amazon! Are you kidding me ?,@117789 We haven't received your details. Kindly share your details here: https://t.co/JzRdscmdH9 and I'll get in touch soon. ^AK
"@AmazonHelp Order date
06-Oct-2017
Order #
406-8895581-1413106
Order total
   3,719.00 (delete it again)","@117789 Please don't provide your order details, as we consider them to be personal info. Our page is visible to the public. (2/2) ^GK"
"@AmazonHelp Order date
06-Oct-2017
Order #
406-8895581-1413106
Order total
   3,719.00 (delete it again)",@117789 We've received your details and we'll reach out to you soon. (1/2) ^GK
@AmazonHelp I've returned several things lately and don't want Amazon to think I'm abusing the return policy.,@117790 I understand! Returns can be made as long as they fall under this policy: https://t.co/i3QyGkjfQI. Hope this helps! ^BL
@AmazonHelp I already chatted with help and am still not convinced i'll get the right item because clearly the warehouse workers can't read.,@117793 Please keep us posted if a replacement was provided. We want to ensure you receive the correct phone case. ^EZ
"@AmazonHelp I have checked there is no email from amazon, and amazon is in safe senders list.","@117791 If you haven't received any email, please share your details here: https://t.co/GIJyeYqKE0 and we'll get back to you. ^HD"
@AmazonHelp I have filled the details,"@117791 If you've shared your details in the link, we'll check and get back to you with an update soon. ^MK"
"@AmazonHelp Haven’t received any mail, can you please resend mail to __email__",@117791 I just checked and can see that we have sent you an email correspondence. Request you to please check your spam folder. ^MK
@AmazonHelp Was sent this item in 6x9 size. Trying to return &amp; UPS did not show up today. I'd keep item if I could get refund for price difference. https://t.co/G1a6por32Z,@117798 We would like to investigate further with you. Please reach out to us at your convenience: https://t.co/hApLpMlfHN ^JP
Please explain this @AmazonHelp https://t.co/VJ4d1ii4PH,@117800 I'm sorry it hasn't arrived! We strive to meet the delivery date in your confirmation e-mail. Have we missed that date? ^MO
@AmazonHelp if thats the case because if I pay for overnight shipping/delivery i expect to get what I paid for.,"@117801 (2/2) If we’ve missed the date in our order confirmation e-mail, please let us know here: https://t.co/hApLpMlfHN! ^WT"
@AmazonHelp if thats the case because if I pay for overnight shipping/delivery i expect to get what I paid for.,@117801 I'm sorry for the wait! One-Day shipping refers to transit time in business days once an order's shipped! (1/2)
"@AmazonHelp amazon just doesn’t seem to get it together, poor customer service, warranty is a scam",@117845 Sorry to hear you're having issues with your Fire tablet. Seems to be a bit of an issue with the link above. Please provide info here: https://t.co/R55eEQwSEs so we can look into this for you. ^ES
"@AmazonHelp I was on the phone for an hour; kids fire tablet not working , warranty is a lie and your agents are rude.",@117845 I'm sorry for this poor experience. We'd like to look into this. Please pass your details to us here: https://t.co/vQp02VsuI4 ^RR
"@AmazonHelp I have a package that is showing as delivered last Friday, however it has not been and there is no note. Thanks",@117870 I'm sorry for any concern this causes! We'd like a chance to look into this with you by phone or chat here: https://t.co/JzP7hlA23B ^WT
@AmazonHelp why doesn't blue light filter work on kids account on the fire kids edition?,@117946 I'm sorry! Blue Shade isn't a supported feature on child profiles. ^WT
@AmazonHelp I have an order that was supposed to be here on the 25th which has not arrived yet.,"@117948 What does the current tracking indicate? Also, who does the tracking indicate as carrier?: https://t.co/PyACxvY8Qo ^VB"
"@AmazonHelp My apologies, it says now that the delivery date is October 31st. Still hasn't come though.","@117948 Hi Mark!

Deliveries will run up until 21:00.  Let us know what happens.

Chuck H"
@AmazonHelp No package.,@117948 I'm sorry it hasn't arrived! Please get in touch with us here: https://t.co/hApLpMlfHN for available options. ^EZ
"@AmazonHelp The tracking indicated as here, and then, it seemed to go back in time, saying it was not here anymore. I believe it's USPS",@117948 Please get in touch with us here: https://t.co/Q7Ftz6nj80 and we'd be happy to review available options with you. ^EZ
@AmazonHelp did amazon get hacked?,@117949 We'd like to help! Have you noticed any unauthorized activity on your account? ^VB
@AmazonHelp @115766 Can I get a confirmation that it will ship tomorrow?,@117957 We always strive to get your order to you at the stated expected delivery time that is stated at the time of checkout ^CH
"@AmazonHelp Didn’t know I needed to. Is that really a thing?! But still Prime shipping should be 2 days, correct?","@118078 Yes, Release-Date Delivery is definitely a thing and the Amazon Prime two day shipping does mean two days after processed. ^CN"
@AmazonHelp The carrier doesn't sell free 2 day shipping as part of a membership. Amazon does.,@118079 We'd still like to help. What does the tracking show in Your Orders: https://t.co/PCtircFm5C? Who is the carrier here? ^SJ
"@AmazonHelp I called customer serv, they called usps and the usps rep blamed your routing. The second the usps rep was off the phone Amazon blamed usps","@118079 When you were on the phone with us, did we mention a date as to when we could provide more options? ^TN"
"@AmazonHelp They did not. The wrinkle is, I board a plane for the U.K. In the am and these items were part of the attire for the wedding im in.","@118079 Hey, Mike! Were the other late items also shipped via USPS? You can check here: https://t.co/Y5jpI9gRhE ^LA"
@AmazonHelp Yes,@118079 I hope you are willing to give us a chance in the future to make things right. ^TN (2/2)
@AmazonHelp Yes,"@118079 I'm sorry we let you down on this order. If the order arrives too late, you can return them for a full refund. ^TN (1/2)"
@AmazonHelp Yeah I know how to check it. There's no information still,@118081 Please keep an eye on your e-mails and check your junk/spam folder. We'll let you know once we've confirmed a date. ^NM
@AmazonHelp you keep insisting you havnt taken any money from me dispite proof! #givememymoneyback https://t.co/CeRSmNOEdK,"@118083 Thanks for reaching out, Gemma! We have responded to your direct message. Please respond to us there! ^HM"
@AmazonHelp at 7 it said it was out for delivery by 8 pm. It now says sorry for your package being late and will arrive by November 3rd,@117955 I am so sorry about that! Who was the carrier? You can find that info here: https://t.co/Y5jpI9gRhE? ^BA
"@AmazonHelp Thanks, I called. The agent says the order has been received, but not shipped. Still anticipate a Friday delivery",@118084 Thanks for the information. Please let us know if your order doesn't arrive by Friday. ^EZ
@AmazonHelp Original promised delivery date was yesterday to this Friday.,@118084 Please give us a call here: https://t.co/Q7Ftz6nj80 so we can take a look into this with you! ^TR
@AmazonHelp it's been 7 days &amp; my @115821 order still hasn't shipped. #fail https://t.co/apV29xdWuM,@118084 I'm sorry that your package has not shipped! Did we miss the promised Delivery date found here: https://t.co/Y5jpI9gRhE  ^LM
"@AmazonHelp リプありがとうございます！
それがデビット機能は付いていないので不思議だったのです。

いずれにせよ取り消されるみたいで安心しました！","@118085 重複してのご請求は行いませんので、ご安心くださいませ。
なお、万が一、重複している場合や取り消しがされない場合には、確認させていただきますので、カスタマーサービスにご連絡ください。https://t.co/bwBU0NvYIn TY"
@AmazonHelp Should have been today before 8,@118086 Please get in touch with us here: https://t.co/hApLpMlfHN and we'd be happy to review available shipping refund options. ^EZ
@AmazonHelp still have not received my package I paid extra for guaranteed next day. Won't do that again,@118086 I'm sorry your order hasn't arrived! What is the delivery date shown in the confirmation e-mail: https://t.co/CTNCjpcgOm? ^SJ
@AmazonHelp when its removed the system says it's inserted but unrecognized. When it's inserted the tablet behaves as though there's no card,@118087 Check the SD Card slot and make sure there is no particulate matter which may be effecting how the card is being detected. ^CH
"@AmazonHelp it was doing this a few days ago and a factory reset dixednit, for two days. A hard reboot did not resolve.",@118087 We'd like to try to solve this problem for you! Please contact us here so we can take a closer look: https://t.co/hApLpMlfHN ^CN
"@AmazonHelp it was doing this a few days ago and a factory reset fixed it, for two days. A hard reboot with card in or out does not resolve.","@118087 That's odd! We'd like to help further with this. When you can, please reach out to us here: https://t.co/hApLpMlfHN ^HM"
@AmazonHelp yes it was due today by 8pm and now its changed to tomorrow or the next couple days... but isn;t there a guarantee?,@118088 We're unable to access accounts on Twitter but we'd like to look into it for you here: https://t.co/hApLpMlfHN ^LI
@AmazonHelp isn't prime two day shipping supposed to be guaranteed? what happens when its late?,@118088 I'm sorry you haven't received your order yet! Have we missed the delivery date confirmed via e-mail: https://t.co/CTNCjpcgOm? ^GM
@AmazonHelp Talked w/ cust. serv. yesterday. Just sent an email from link. Would like a straight answer abt my order.,@118090 We'd still like to help. What is the delivery date shown in the order e-mail: https://t.co/L9Xapf1v25? Who is the carrier? ^SJ
"@AmazonHelp At time of order, del date was 10/29. Carrier is AMZL US.",@118090 I would like a member of our team look into this for you. Please fill out this form: https://t.co/dOqIHIw6g0 ^BA
"@AmazonHelp So much of the programming has changed on Prime. Blues Clues was free, now it's not. Still constantly having problems with my Fire Stick.","@118091 What kind of problems are you having with your Fire Stick, Mildred? ^VB"
"@AmazonHelp Continued buffering, loss of sound and it doesn't save where I leave off in programming.",@118091 Oh no! We'd like to look into this in real time with you. Please reach us via phone here: https://t.co/hApLpMlfHN ^AB
@115821 @AmazonHelp I'm so frustrated w/how things keep changing. Making it hard on POOR people!!! Free isn't free anymore.,"@118091 I'm so sorry to hear this! Without revealing any personal account information, will you provide us with more details? ^LH"
"@AmazonHelp ご親切にどうもありがとうございます。
買おうと思った商品が出品者の意向でキャンセルになり、同じ商品が出品されたまま１万円値段が上がっていました。不可解です。",@118163 Amazon以外の出品者の販売商品につきましては、各出品者が出品価格を自由に設定できます。しかしながら、当サイトでは、各出品者が商品を適切な価格で出品するべきであると認識しておりますため、貴重なご意見として頂戴いたします。SM
"@AmazonHelp お答え、どうもありがとうございました。
出品者を確認の上、これからも利用させて頂きます。",@118163 リプライありがとうございます。ご利用方法等でご不明な点がございましたらご遠慮なくご質問ください。今後ともどうぞよろしくお願いいたします。SK
@AmazonHelp すごっ、チェック早いですねー😸大分前に買った商品ですし、返品の手続きもめんどいんで今回は良いでーす🙋Amazonさん、どうもでーす😸,@118184 恐れ入ります。これからもhttps://t.co/st4oU5QbhPをどうぞよろしくお願いいたします。TN
"@AmazonHelp Si, es correos y pedí ke viniesen a x el pakete pero me pedian ke me kedase o toda una mañana o toda una tarde en casa pero y mi trabajo??",@118229 Lamento los inconvenientes. Recomiendo reportar lo ocurrido a nuestro Servicio al Cliente: https://t.co/OjvUxwnzPe ^CR
@AmazonHelp Es una devolucion,@118229 Comprendo. ¿Ya entraste en contacto con el transportista? ^CR
"@AmazonHelp enviei meu ebook para o premio Kindle às 22h de hoje. Porém, a ferramenta kdp fala q demora 72h pra publicar. Vou concorrer mesmo assim, certo?","@118230 Recomendo entrar em contato diretamente com o SAC da KDP, para eles conferirem o seu caso: https://t.co/iAtVDKIvAN ^CR"
@AmazonHelp Please do it fast,"@118231 Further, we wouldn't be able to offer any additional insight/ info in this regard. Appreciate your understanding. (3/3) ^SV"
@AmazonHelp Please do it fast,"@118231 As this is account related, our specialist team are the best ones to assist you.  (2/3) ^SV"
@AmazonHelp Please do it fast,"@118231 I get your concern, Hussain. As requested, please reply to the correspondence sent by our specialist team. (1/3) ^SV"
@AmazonHelp Still not got any mail please solve my problem right now.,"@118231 I'm afraid, we'll not be able to take any action on your account once it is put on hold. Request you to wait for the email. ^HD"
@AmazonHelp Not received any email,@118231 email from our account specialist team regarding the same. Request you to respond to that email for any assistance. 2/2 ^NK
@AmazonHelp Not received any email,"@118231 I get your concern, Hussain. All the account related issues are handled by our accounts team. You should've received an 1/2 ^NK"
@AmazonHelp Done that. Was told I would definitely have it by 9pm yesterday &amp; it's still not been delivered!!!!,"@118232 Just to confirm, what's the current tracking information listed for your order here: https://t.co/aaDyEz1VgE ^HC"
@AmazonHelp  don't promise a 1 day shipping with a GUARANTEED 8pm delivery when you can't keep it,@118233 I'm so sorry for the wait! What does tracking information say here: https://t.co/PyACxvY8Qo? ^MH
"@AmazonHelp Not in the mailbox, not on the porch, not in my house, not at the neighbors. This was a Prime order, late/lost again.",@118235 I'm sorry those steps didn't help! Who was the carrier for this order? You can check here: https://t.co/Y5jpI9gRhE ^BL
"@AmazonHelp Carrier: AMZL US, Tracking #: TBA516106123000","@118235 I'd like someone from my team to check into this. When you can, please drop your details here: https://t.co/jNvrqbIPwn ^BL"
"@amazonhelp My order 113-8951188-2020217 says ""Left in mailroom"" but my house doesn't have a mailroom and I've been home all day.",@118235 Oh no! Have you checked the mailbox? These steps may help locate the order: https://t.co/7jZ5OuoXoK. Keep us posted! ^BN
"@AmazonHelp お忙しい中、丁寧にありがとうございます。
申告窓口へ報告します。(｀_´)ゞ","@118236 お手数おかけしますが、よろしくお願いします。
最近、Amazonを騙るフィッシングが増えているようでございますので、ご注意くださいませ(*´︶`*) TY"
"@AmazonHelp いえいえ、Amazonさんこそとばっちりの迷惑かけられてお疲れ様ですm(__)m 

詐欺軍団はあの手この手で迷惑極まりないですねヽ(`Д´)ﾉﾌﾟﾝﾌﾟﾝ","@118236 あたたかいお言葉、ありがとうございます(*ﾉωﾉ)
色々な種類のフィッシングなどがあるようなので、ご注意いただき、何かご不明な点があれば、ご遠慮なくお声がけください！
今後も、Amazonをよろしくお願いします(o*。_。)oペコッ TY"
@AmazonHelp Lol that's not my real name. But basically yeah they won't just leave it at my front door. Tomorrow's the final attempt.,"@118238 Hi, not Hugh:) Who is the carrier for this delivery? You can find this information here: https://t.co/Y5jpI9gRhE  ^LM"
@AmazonHelp how do I inform your delivery drivers to just leave my package at my front door?,"@118238 Hey, Hugh! Are you having trouble receiving a recent order? ^LA"
@AmazonHelp AMZL US,@117955 Please provide your details here: https://t.co/zUIZ61Nac2 and my team will escalate to Amazon Logistics. ^EZ
@AmazonHelp My Halloween costume is a day late. Can you help?,"@118354 I'm so sorry we've let you down. Please reach us here: https://t.co/hApLpMlfHN, so we can explore options with you. ^LL"
@AmazonHelp Many times..Always got them saying well deliver it by deadline...I hate your service now,@118356 Sorry about the delay with the order. Please share your details here: https://t.co/GIJyeYqKE0 and we'll check this. ^KA
@AmazonHelp It's point less to actually fill this form.Since you always give me those replies with I'll personally follow up and stuff..,@118356 details through the link provided above so that we can look into the issue. 2/2 ^SH
@AmazonHelp It's point less to actually fill this form.Since you always give me those replies with I'll personally follow up and stuff..,@118356 Twitter is a social media platform we'll not be able to access any of your account/order details. Please share your 1/2 ^SH
"@AmazonHelp what the hell is going on?! Today's last day to deliver and still not shipped!!
Should I pledge that I won't ever order from u?!","@118356 I understand your concern, Nihal. Could you confirm if you've report this to our team using the link provided earlier? ^HD"
@AmazonHelp I already emailed y’all.,"@118498 I'm sorry about the link. For a faster response, contact us by phone here: https://t.co/jzvkhdlrK5 without signing in. ^BE"
@AmazonHelp Is that a 24 hr line,@118498 Yes. Our main customer service line is open 24 hours a day. ^LJ
@AmazonHelp Nah. Just answer my question please.,"@118501 From the Kindle app, go to More, tap on Settings, tap on Push notifications to enable or disable the notifications. ^SE"
@AmazonHelp How do I disable notifications indicated by the bell icon in upper left corner of iOS Kindle app?,"@118501 We'd like to help in real-time! When you have a free moment, please reach out to us here: https://t.co/hApLpMlfHN ^HM"
"@AmazonHelp Uff, I am continuously trying to tell you that I have already replied and a 24 hr tat for receiving call was given which​ U have failed on",@118505 If you've already replied to the email sent by our team. I'm sure our team will reach out to you soon with an update. ^VM
@AmazonHelp Rather than wasting time here can you please check with your team &amp; confirm whether they have responded. Use basic communication skills Sir,"@118505 We're currently working on your issue, we'll contact you soon. Keep an eye on your mailbox. ^ZH"
@AmazonHelp 24 hrs tat was given on written mail on 29th Oct to receive a call but no response since last 60 hrs.Hence we say quality of Amazon has gone,"@118505 If you had replied to the email, you must've received a correspondence from us, Darshan. Please check. ^HD"
"@AmazonHelp I have replied Sir, try and understand the gratitude of this event. You are exposing yourself in bad light","@118505 Apologies, thank you for replying to the email. We'll get back on this soon. Appreciate your patience. ^BS"
@AmazonHelp I have checked all my mails and had received your last mail on 29th stating you will receive an update in next 24 hrs. No revert received,"@118505 I do understand, however, please revert to the same email so that we can get this sorted. ^HN"
"@AmazonHelp I have replied to it many and still have not received any response, sending you a legal notification for closing this fraud business",@118505 Sorry for the trouble you've had. Kindly reply to the email you've received from our team &amp; we'll look into this further.^MM
"@AmazonHelp Nobody has called till now, why are you sending fake replies",@118505 Sorry for the stretch. Please reply to the email you've received from our Social media team and we'll get back. ^KA
@AmazonHelp Please reply with necessary resolution...,@118505 email ID. Kindly check it here: https://t.co/8DAc10S7ww. 2/2 ^RS
@AmazonHelp Please reply with necessary resolution...,"@118505 Our Specialist team will reach out to you, once they do, you'll be able to see the correspondence to your registered 1/2 ^RS"
@118506 @AmazonHelp Amazon has lost its credibility by buying cheap products from other portals like ebay and selling over their platform. Really cheap,@118505 you with an update at the earliest. (2/2)^AU
@118506 @AmazonHelp Amazon has lost its credibility by buying cheap products from other portals like ebay and selling over their platform. Really cheap,"@118505 I'm sorry for the stretch. As intimidated earlier, our specialist team is looking into this and will get back to (1/2)^AU"
@AmazonHelp I have replied dozen of times first check then reply. So silly,@118505 Thanks for writing back to us. Our specialist team will contact you with an update on your issue soon. Please wait. ^ZH
"@AmazonHelp Message from Rahul from Social Media team.
Upon checking your order I see that issue is being handled by Executive Customer Relations team.","@118505 As requested, please respond on the requested email and our specialist team will reach out to you. ^HK"
@AmazonHelp Can you please update over this quickly,"@118505 We've sent a correspondence to your registered email address, request you to check the same. ^SH"
@AmazonHelp I had replied almost as soon as you posted about the email and sent it. I want to know what action has been taken on my complaint.,"@118701 Sorry to know about the delivery issue. As you've confirmed sharing your details, you should've received an email from (1/2)^KA"
@AmazonHelp I had replied almost as soon as you posted about the email and sent it. I want to know what action has been taken on my complaint.,"@118701 our team. Please check and reply, we'll get back. You may check the email here: https://t.co/NTkrxpsbHJ (2/2) ^KA"
@AmazonHelp 6 different emails about the same order and none actually resolve the issue. You should be quite ashamed.,@118701 Please reply to the email received from our team. We will check and connect with you accordingly. ^RW
@AmazonHelp the last email i got was the transcript of the last chat that i requested.. you want me to reply to that??,@118701 Sorry about the order cancellation. Please reply to the email you've received from our Social media team and we'll get back. ^KA
@AmazonHelp For the third time. I HAVE NO RECENT E-MAIL FROM YOUR SOCIAL MEDIA TEAM.,"@118701 Sorry for the trouble, Manak. Please resubmit the details here: https://t.co/GIJyeYqKE0 and we'll have this checked. ^KA"
"@AmazonHelp Submitted, for the third time for the same issue.",@118701 Thanks for submitting the details. We've received your details and we'll reach out to you soon. ^GK
@AmazonHelp Sorry to have to say this. But you all are idiots. Once more email completely ignoring my query and giving template reply,@118701 That's unusual. Could you please revert to the email with further queries on this? I'll like to have a look into it. ^AB
@AmazonHelp Can someone please call me. I have responded to multiple emails and surveys now without my question being addressed. This is very annoying.,@118701 We're unable to arrange a callback for you over Twitter. Please make a request by responding to the email and we'll oblige. ^AB
@AmazonHelp asm mentioned before. You all are just idiots.,@118701 Thanks for replying. We'll get in touch with you soon. Appreciate your understanding. ^AK
@AmazonHelp I have. And I have spoken to customer care again on chat.,"@118701 If you've replied to the email sent by us, we'll check and get back to you with an update shortly. ^NR"
@AmazonHelp Thanks. I wish the same degree of concern were shown about my complaint though.,@118701 Could you please confirm if you have replied to our email? ^MK
@AmazonHelp May i just add that realising NO ACTION HAS BEEN TAKEN on my complaint is not much fun. Worst customer care EVER ! https://t.co/bHOHPNnZFA,"@118701 Please don't provide your order details, we consider it personal information. Our Twitter page is visible to public. (2/2) ^SV"
@AmazonHelp May i just add that realising NO ACTION HAS BEEN TAKEN on my complaint is not much fun. Worst customer care EVER ! https://t.co/bHOHPNnZFA,"@118701 Apologies for the experience, Manak. Please reply to the email sent to your registered email. We'll check &amp; assist. (1/2) ^SV"
@AmazonHelp I have asked the customer care exec on phone to cancel the order. Don't want to waste any more of my time on this.,@118701 I'm sorry about the trouble Manak. Kindly reply to the email sent by our team for further assistance. ^GD
@AmazonHelp I am now cancelling this order because your delivery service just sucks despite prime membership. Switching to @118702 for future.,@118701 you've received from our team and we will get back to you with the latest update on your issue. (2/2)^SQ
@AmazonHelp I am now cancelling this order because your delivery service just sucks despite prime membership. Switching to @118702 for future.,@118701 Sorry for the unpleasant experience with the delivery of your order. Request you to write back to the email (1/2)^SQ
@AmazonHelp This has been the most frustrating and useless customer service ever.,"@118701 Sorry about the bad experience, Manak. I'll be sure to pass along your feedback internally. ^MS"
"@AmazonHelp After getting a confirmation that it will be delivered post 7 pm, i have got an email at 1:30 in the afternoon that i was not available !",@118701 We're following up on this. We'll check this and update you. ^SG
@AmazonHelp É o livro Os arquivos secretos do homem morcego. Simplesmente magnífico,@118707 Parece um livro interessante demais. Espero que curta muito da leitura dele! :D Abraço. ^CR
"@AmazonHelp yes spoke w/ customer service, still canceling my prime though since it does literally nothing apparently","@118708 We'd like to take a closer look. When you can, please provide us some more information here: https://t.co/ApyxSZALFH ^TN"
"@AmazonHelp Yes, butvthey lied. Told me carrier and said they would contact and call me back. The never called. I hsdvto make 2 additional calls",@118709 I'm sorry you've had to invest so much time in this! Were we able to help resolve the issue on the last call? ^TL
"Hi @AmazonHelp, I’ve purchased something via your app and it’s broken! How can I get it replaced?","@118710 Hi, Reece! I'm sorry about the broken item. You can check into options here: https://t.co/Ueduyt85xq ^BL"
@AmazonHelp Schnippig ist sie auch noch? Wird ja immer interessanter 😅,"@118798 Nein, ^TG ist schnippig. Alexa ist lieb und nett. Sie ist sehr gut! Und ich geh jetzt mal lieber in Deckung! 😏 ^UK"
@AmazonHelp when do you guys charge for the Xbox one X I preordered? It ships the 6th.,@118828 Thanks for reaching out to us! You will be charged for your order once it ships out. ^FJ
@AmazonHelp https://t.co/saX0kAZVCW!,@118829 Can you confirm the delivery date provided in your order confirmation email? It can be viewed here: https://t.co/1aMUiU8Rcg ^LA
@AmazonHelp here is the email. Conflicting answers from others in similar situations online. https://t.co/9zbCqLzokH,"@118832 (2/2) Alternately, if you'd like us to verify in real-time you can reach us here:  https://t.co/hApLpMlfHN ^EB"
@AmazonHelp here is the email. Conflicting answers from others in similar situations online. https://t.co/9zbCqLzokH,@118832 Thank you for bringing this to our attention! I understand the concern. You can report this here: https://t.co/1oz4X7rU5m (1/2)
@AmazonHelp you have wasted one month by bullsh****g me. now i am being told itvis out of warranty. issue is reported yo @79087 under warranty.,"@118918 Sorry for the disappointment. Kindly reply to the email you've received from our team, we'll check and get back. ^KA"
@AmazonHelp i have already done it. your reps dont even check any back data they just rape the customers.,"@118918 In this case, request you to wait and you shall receive an reply from our team soon. ^SH"
"@AmazonHelp same reply again and again. if the complaint is raised under warranty period and if @2005 wont solve it, how is it out of warranty?",@118918 insight on this issue. 2/2 ^SH
"@AmazonHelp same reply again and again. if the complaint is raised under warranty period and if @2005 wont solve it, how is it out of warranty?",@118918 The resolution provided over the email is the best we can offer. I'm sorry we'll not be able to provide any further 1/2 ^SH
"@AmazonHelp so after wasting more than 1.5 month, now you are telling me the product is out of warranty. i had gone to iball 1.5 months back .","@118918 Apologies for the experience, Vijay. Please reply to the email sent by our team. We'll help you with alternatives. ^SV"
@AmazonHelp done.,"@118918 Thank you for letting us know, we'll get back to you soon with an update. ^BS"
@AmazonHelp all emails already shared with earlier tweet. https://t.co/2sVFZ4iG9Q,@118918 Kindly share your details in the link given earlier and we'll be sure to help you in getting this issue resolved. ^ZH
@AmazonHelp yeah and i will get it after i murder service center owner. I would rather throw this product in dumpster and let wll india know abt u cheat,@118918 Kindly share your details here: https://t.co/GIJyeYqKE0 and I'll contact you with an update on this. ^GS
"@AmazonHelp so basically you are stealing money from small customers. @115851 count your money, its growing. THIEVES.",@118918 Apologies for the inconvenience with policy constraint. We'll be able to assist you once service denial letter is received.^GS
"@AmazonHelp why are you removimg @79087 from your tweets? I have official email from @79087 they dont care , they did not sell this product.",@118918 I get your concern.We wouldn't be able to work on the issue until we receive a service denial letter from the manufacturer.^NS
@AmazonHelp I have visited multiple times. why would a sc change uts policy to meet ur unreasonable demands? this issue is ongoing since 1.5 months.,"@118918 If the manufacturer refuses to honor warranty on a device, you shall receive a service denial letter for the same. ^HK"
"@AmazonHelp @115851 @115821 If iball declines my request, I cannot threaten @79087 into providing one.",@118918 without a service denial letter. Kindly try visiting your nearest service center to report it and keep us posted. 2/2 ^AB
"@AmazonHelp @115851 @115821 If iball declines my request, I cannot threaten @79087 into providing one.","@118918 I certainly get that, however since the return window has already expired we won't be able to intervene in this 1/2 ^AB"
@AmazonHelp is there a way to know if the Amazon gift cards I send are being used?,@118920 You would only be able to confirm gift card balances on the account it is redeemed on. ^JP
@AmazonHelp Update ??? What your internal investigation repors tell you ??,"@118924 Sorry for this trouble. If the details were shared, you must've received a correspondence from us. Please check and reply. ^HD"
@AmazonHelp So what have you decided my dear @115850 @115821 ?? By this time you should've known the entire issue.I'm expecting a response from you,@118924 We have received your details. We are working on it and will get back to you with an update at the earliest. ^HR
"@AmazonHelp Worse part, customer support thought it was coming today too, which I reached out at 4:30 pm","@118925 I'm sorry for the inconvenience. When you reached out to us, what options or insight did we provide? ^GM"
@AmazonHelp I talked on the phone to someone who offered 10 percent off but that isn't on the account yet.  Still don't know delivery date.,@118925 Which carrier was assigned to deliver your package today? ^TN
@AmazonHelp It doesn't say.  It shows it hasn't shipped yet.,@118925 Did we ask you to wait a certain date before we could offer alternative options? ^EZ
@AmazonHelp Nothing on my order on your web site.,"@118925 Late order usually arrive the next business day. If your order hasn't arrived by 8:00 PM tomorrow, please let us know. ^LR"
"@AmazonHelp Please simply answer my question.  I am not an AmazonFresh customer, just a condominium unit owner inconvenienced by UR customers  &amp;trying 2 figure out how we can all accommodate one another.  Y R U making this so complicated? Direct message me with UR contact info.","@118951 We'll ask customers to leave their totes out for pickup. However, they shouldn't be left for 10 or more days awaiting pickup. For security, we're unable to DM personal details. Once we receive your information at the link we've referenced, we can help sort this. ^RA"
"@AmazonHelp Who's security?  UR asking 4 MY personal details.  Surely U have company phone #s that aren't ""personal.""  This is absurd. I'm TRYING 2 work w/U people. Y do U make it so hard?  May I be referred to a mgr who isn't afraid 2 speak w/an intelligent, reasonable woman 2 work out sols",@118951 We cannot accommodate this request via Twitter. Please send us your details using the link provided by FR. ^GR
"@AmazonHelp Don't be silly.  Read the Tweet!  I NEED 2 KNOW HOW U INSTRUCT CUSTOMERS.

What is the plan?  We've tenants who think they've the rite 2 store empty AF totes in the common area presumably awaiting PickUp 10+ days is 10 days longer that the small front hall common area can handle.",@118951 Please provide your information in the link FR provided and we'll have a team member look into this personally and reach out to you. I'm sorry for any inconvenience. ^HS
@AmazonHelp We have 2 work 2gether to accommodate UR new service.  I simply need 2 know how exactly U instruct AF customers re disposition of the large green insulated carriers.  Not a difficult question--need the written instrux.,@118951 I would like to have a team member look into getting the totes picked up for you! Please add your details here: https://t.co/MoFmdEXzbY so we can help out with this! Keep us updated on the status! ^FR
@AmazonHelp Today; 1st November. Or I wouldn't have ordered. I needed them to arrive at mums today so she can bring to me urgently in hospital tonight.,@119036 I can understand your frustration. Please reach out to us here to go over available options: https://t.co/ju0HEJTlrg ^CL
"Placed order today, said delivery would be Wed but just received email saying it'll be Thurs now? I'm a prime customer @AmazonHelp. Unhappy!",@119036 I'm so sorry for the frustration! What was the date given in the original confirmation e-mail: https://t.co/SsPOz2ryIS? ^DG
@AmazonHelp Yes. You definitely missed my delivery date. Twice. Also your call center staff seems to have no understanding of how mail delivery works.,@119041 I certainly understand your frustration! Who was the carrier for these orders? Please check here: https://t.co/Y5jpI9gRhE ^BE
@AmazonHelp @115821 consider leaving the delivery of packages to the experts at @115817 or @81. Obvious decline in service when it’s @115821 logistics.,@119041 We'd like to take a closer look to see what we can do. Please reach out with more information here: https://t.co/AdBZ9CgtFD ^DG
"@AmazonHelp ordered what was on the box for my sister’s wedding gift, that’s what came out of the box. What gives?! https://t.co/8jX9A0Ipcu",@119042 I'm sorry for the trouble! We'd like to review available options with you. Please reach out to us here:  https://t.co/hApLpMlfHN ^LJ
@AmazonHelp ありがとうございました,"@119213 リプライありがとうございます。
最近、Amazonを騙るフィッシングが増えているようでございますので、ご注意くださいませ(*´︶`*) TY"
@AmazonHelp no body inform me. once u return that parcel. please send the tracking id or parcel details. but after 10days i call amazon custamare care,"@119214 Thank you for sharing your details, Dhinesh. We'll check your concern and reach you soon. ^VG"
.@115850 @AmazonHelp thanks for no replies whatsoever on my complaint.an you please tell me what more should I do? @119351 @1015,@119350 Please fill in your details using the link: https://t.co/JzRdscmdH9 and I'll get in touch with you soon. ^AK (2/2)
.@115850 @AmazonHelp thanks for no replies whatsoever on my complaint.an you please tell me what more should I do? @119351 @1015,@119350 Apologies for the trouble with the delivery of the order. I'd like to take a closer look at this. ^AK (1/2)
@AmazonHelp Please don't help.u have very useless process of helping.if u want plz refund me atleast in time which is also now least expected,"@119352 Please share your details in the link provided above, we'll check the issue and assist you accordingly. (2/2) ^KA"
@AmazonHelp Please don't help.u have very useless process of helping.if u want plz refund me atleast in time which is also now least expected,@119352 Sorry to know about the delay with the order. It isn't possible for us to view your order/account via Twitter. (1/2) ^KA
@AmazonHelp Seriously!!! Ur customer service already told me cancel d order .. Amazon can't do anything to it..n till now it's showing expected on 25th👏,@119352 I'd like to help. Please write to us here: https://t.co/GIJyeYqKE0 and I'll reach out to you. ^SA
@AmazonHelp 408-9273159-6369903.replacement ordered from 24th Oct.no1 contact me.Really worst courier service from Amazon,"@119353 Please don’t provide your order details, we consider them as personal information. Our Twitter page is visible to public. ^VM"
@AmazonHelp 408-9273159-6369903.replacement ordered from 24th Oct.no1 contact me.Really worst courier service from Amazon,@119353 That's strange. Let us help you out here. Please drop your details here: https://t.co/TjZa6SQ9Hz (1/2) ^VM
@AmazonHelp 408-9273159-6369903.replacement ordered from 24th Oct.no1 contact me.Really worst courier service from Amazon,@119353 so that we can get in touch with you. (2/2) ^VM
@AmazonHelp Order details!!! https://t.co/Rapb0ePnLK,@119352 Please don’t provide your order details as we consider them to be personal info. Our Twitter page is visible to public. ^JC
@AmazonHelp Order details!!! https://t.co/Rapb0ePnLK,@119352 We'll not be able to check the details of your order via Twitter. Please fill in the same in the link provided. ^JC
@AmazonHelp I did...which said WE CANNOT DO ANYTHING...same as customer service...which triggered My reply...I am just asking basic question here,@119358 Sorry to know about that. Kindly reply to the email and we'll get in touch with an update. Appreciate your patience. ^AK
@AmazonHelp I have replied to the email... lets see if I can get positive and useful response atleast once after so much escalation @115851,@119358 Thank you for confirming. You should hear an update from us soon. Keep an eye on your mailbox. ^MP
@AmazonHelp @115851 @115850 @115821 so the social media escalation team is equally useless as the customer service team...hats off to incompetence,@119358 That's quite a comment. Could you let us know if you have received an email from our team here https://t.co/8DAc10S7ww? ^VM
@AmazonHelp I have inked in detail at the given URL...hope to see some useful action,@119358 Thanks for the heads up! We'll check this and get back with an update soon. ^YP
"@115850 @115821 @AmazonHelp I waited 15 days,sent 10 email,was assured tht case escalted,todays response WE CANNOT HELP,customer service?","@119358 We'd like to investigate this, please share your details here: https://t.co/cQVomR1pWz with detailed info. ^HA"
"Hi @AmazonHelp, when I placed my order I requested a VAT receipt either via email or post but I still haven’t had one?","@118710 I'm sorry for the inconvenience.  Please see here: https://t.co/3gp9Udo7j5, for more info on accessing your invoice. ^LM"
@AmazonHelp Hey so my package has not arrived yet. Can I get this sorted please,"@119403 While we can't access order or account details through social media, we'd still like to help! Please reach us directly via phone or chat so we can investigate: https://t.co/JzP7hlA23B ^CS"
@AmazonHelp You have and it’s been pushed (again) to Friday or possibly Saturday or god forbid Monday. Was told it would be diverted by 8pm tonight.,@119403 Please let us know if doesn't arrive by Friday! We'd like to help! ^ZW
"#SuperValueDayQuiz

Where is the result of super value day quiz conducted on Oct 1 and 2 ? @AmazonHelp",@119446 The results will be announced soon. Kindly stay tuned for updates. ^AK
"@AmazonHelp ""Refused shipment - on the way back.""","@119447 Oh my! Just to clarify, can you tell us who the carrier of this order is? ^AL"
"@AmazonHelp It was Amazon Logistics.  But the device never made it to them and ""guaranteed Oct 31"" slipped to ""expected Nov 1-2"".",@119447 We'd like to look further into this. Please click the link and fill out the secure form:https://t.co/pM8TpjfEq6 ^EM
@AmazonHelp Yes i have received reference number,@119451 Please share your detail here: https://t.co/GIJyeYqKE0 and I'll be glad to help you with an update about the refund. ^KA
"@AmazonHelp Details sent, haven't received any communication from your side",@119451 You should have received a correspondence from our social media team. Kindly check here: https://t.co/8DAc10S7ww and reply. ^MN
"@AmazonHelp Order no - 403-7559101-5645129 
Return reference - 710398288491
Article name - puma shoes","@119451 number. Also, please don't provide order details, we consider it to be personal info. Our page is visible to the public.(2/2)^SF"
"@AmazonHelp Order no - 403-7559101-5645129 
Return reference - 710398288491
Article name - puma shoes",@119451 This being a social platform we can not access your account info. Please confirm if you've received the refund reference(1/2)^SF
@AmazonHelp How many times will the pick-up be rescheduled? https://t.co/oQuGBF84QS,"@119452 Please don't provide your order details, we consider it personal information. Our Twitter page is visible to public. ^AK 3/3"
@AmazonHelp How many times will the pick-up be rescheduled? https://t.co/oQuGBF84QS,@119452 Please fill in your details using the link: https://t.co/JzRdscmdH9 and I'll get in touch with you soon. ^AK (2/3)
@AmazonHelp How many times will the pick-up be rescheduled? https://t.co/oQuGBF84QS,@119452 Apologies for the trouble with the pick up of the order. I'd like to take a closer look at this. ^AK (1/3)
@AmazonHelp Hi. This is where I'm stuck. When will you initiate the pick up? https://t.co/bVTocnrC1k,@119452 Sorry for the delay in pickup. Kindly contact us here: https://t.co/rS49hgaADF and we'll get the pick up done. ^SY
Hey @115850 @AmazonHelp I need an update on my refund! Can you help?,@119452 You may track your refunds using the link: https://t.co/LjYILTJREp. Please keep us posted. ^GS
@AmazonHelp You have all my details. Please expedite the process,@119452 Thanks for the update. If you've filled in your details our teams will reach out to you soon. ^VM
@AmazonHelp have a query regarding cash back during 14-17 October sale. Email/DM ?,@119454 We'd like to help you with the cash back. Kindly get in touch with our support team here: https://t.co/rS49hgaADF ^AK
@AmazonHelp Where do I send it to?,"@119531 The link to the item can be tweeted to us here, or reviewed here: https://t.co/hApLpMlfHN ^QJ"
Thanks @AmazonHelp for solving my issue . But after 8 day it's really long time you took to solve . But #thanks,@119532 Thanks for keeping us posted. I'll pass along your comments to our team and we'll work on this. ^GK
@AmazonHelp My order is due to arrive on Friday,@119534 Orders can ship at any time; once the order has been processed it will be assigned a tracking number. ^LR
@AmazonHelp Ahhh okay makes sense :) thank you! I hope my package comes Friday 🙌,@119534 Please keep us posted as we want to make sure your order arrives!  ^AG
@AmazonHelp Ur customer care didnt provide me a correct answer,@119535 I'm sorry about the experience. Kindly share your details here: https://t.co/beaaDm0muc and we'll check. ^GK
@AmazonHelp Bought a washing machine from Amazon and had a nightmare getting it installed. Neither you guys or the brand was helpful.,@119536 here: https://t.co/beaaDm0muc and I’ll contact you soon. 2/2 ^AH
@AmazonHelp Bought a washing machine from Amazon and had a nightmare getting it installed. Neither you guys or the brand was helpful.,"@119536 I'm sorry for the unpleasant experience, I'd like to look into this closely. Kindly drop in your details 1/2 ^AH"
@AmazonHelp And there was no indication that they had re-attempted delivery,@119617 Who is the courier shown on the tracking info? Have you contacted the courier? ^LJ
@AmazonHelp Intelcom Express. I couldn't contact them last night since I got home after their operating hours. Sent them an email this morning,"@119617 Please let us know if you do not receive your order, or an update, today so we may contact the carrier on your behalf. ^WM"
@AmazonHelp somehow Siri can turn off my lights but Alexa is incapable. #pleasefixit #buggedupdate https://t.co/wLNncaWcX1,"@119618 If Alexa doesn't discover your smart home device, here are some solutions to try: https://t.co/4WOgoyFtgG Hope this helps! ^NN"
@AmazonHelp Not impressed with Amazon Logistics. Computer parts delayed a week and a refund is the only option? Really disappointed.,@119619 I'm sorry it's been delayed. We'd like to look into this. Please send details about this order here: https://t.co/Wze1ktETWY. ^LH
@AmazonHelp Yes you have missed the deadline which was set at the time of purchase. After missing that deadline you have given me a new deadline now,@119620 so that we can get in touch with you. (2/2) ^VM
@AmazonHelp Yes you have missed the deadline which was set at the time of purchase. After missing that deadline you have given me a new deadline now,@119620 I'm sorry to hear that. Let us investigate this further. Please drop your details here: https://t.co/XjZU0Q7U2F (1/2) ^VM
@AmazonHelp Pls call me on 9820255387,"@119620 Please don't provide your order details, as we consider it to be personal information. Our Twitter page is public.​ ^RW"
@AmazonHelp Pls call me on 9820255387,@119620 We cannot check your order details here. Kindly fill in the form for further assistance on it. ^RW
"@119356 @AmazonHelp     horrible service, lousy customer care, non existent courier phone numbers. So much for becoming a Prime customer!",@119620 Sorry to know about the delivery issue. Did we happen to miss estimate as mentioned here: https://t.co/ykWpCt0ely ?^KA
@AmazonHelp What’s the point in me paying for prime shipping when things are just going to show up days after their estimates? No confidence.,@119621 Unforeseen circumstances can cause delays and we appreciate your patience while we are working to get your packages delivered. ^TN
"@AmazonHelp お返事ありがとうございます。
確認してみたところ、金額が不足していたみたいでした。無事に注文ができました！
丁寧な説明ありがとうございます。助かりました。",@119622 リプライありがとうございます。問題が解決したとのことで安心いたしました。これからもhttps://t.co/st4oU5QbhPをどうぞよろしくお願いいたします。TN
@AmazonHelp こんにちは。先日Amazonギフト券チャージのやり方を教えていただいた者です。チャージが終了しアカウントに登録されたのですが、買い物でお支払い方法のコード入力とはどこに書かれてあるのですか？「次に進む」が表示されず買い物できません。どうすれば良いですか？,@119622 こんにちは、お問い合わせありがとうございます。ギフト券をチャージ済みの場合、コード入力は不要です。次に進めないとのことであれば、金額が不足している可能性がございます。出品者発送ですと別途送料が発生したり、お急ぎ便の代金が加算されているということはございませんか。ET
@AmazonHelp The link didnt go to app instead asked me to buy movies :-) I am looking for those on Amazon prime. Search function said did not exist,@119627 I'm sorry the link didn't work. You can view the list of Audio Descriptions by clicking here: https://t.co/M37Heh3Uak ^AY
@AmazonHelp @AmazonHelp The link you sent me this page opens and in its settings I can't find where to change country to India. https://t.co/IXCPlZlzHs,@119629 Please connect with our support team here: https://t.co/2t6DQoUmNZ for further assistance on it. ^RW
"@AmazonHelp installed the alexa app,but it doesn't take my India address alexa weather gives me report of Seattle instead of Pune.",@119629 credentials. Click on Settings and set country to India. 2/2 ^SH
"@AmazonHelp installed the alexa app,but it doesn't take my India address alexa weather gives me report of Seattle instead of Pune.",@119629 Request you to change the country settings. Please click here:https://t.co/crghASQyRX. Login with your amazon 1/2 ^SH
@AmazonHelp No one knows what to do to get my refund back to me! https://t.co/q71Ycboikm,"@119697 I'm sorry for the trouble. Generally, the bank can issue a refund to the new active card on file. Please keep us updated. ^LR"
@AmazonHelp fuck you guys. Canceling Prime. Not gonna do business with you guys ever again.,"@119697 This isn't how we want you to feel. We'd like to help, if possible. Please let us know more about what's going. ^BH"
@AmazonHelp Did I get a call? No. Being a Prime member means paying someone to treat you like shit. Twice!,"@119698 We can't access your account via Twitter. Without providing personal info, will you please tell us what's going on? ^TN"
@AmazonHelp I think this is pretty crappy!,@119698 I'd like to have a member of my team look into this with you! Please submit your information here: https://t.co/HO8C5vgcgW ^ME
@AmazonHelp Would like to thankyou for ur efforts..amount credited back to my account today.!!,@119700 You're most welcome. Glad to know that refund has been credited. Have a great day ahead! ^AR
"@AmazonHelp Response in mail is just asking to wait n m doing that since last 1 month..it's more than 15 days on Twitter n u doing the same
No solution","@119700 Apologies. I understand waiting could be tiresome but rest assured, the concerned team is working on a resolution for you. ^MK"
@AmazonHelp No..!!,@119700 Request you to check for our response using this link: https://t.co/DTSNmGldJf ^SK
"@AmazonHelp How much more time is needed?
I think everything is online..
Is ur seller not responding? Or approval is needed from any ministry?",@119700 Did you receive our email on your revert? ^HK
"@AmazonHelp That's what m doing n u making me believe more that refund policy by Amazon in India is really poor..!
Ur seller is even not taking calls nw",@119700 We'll get back to you as soon as we have an update from our team. (2/2)^SF
"@AmazonHelp That's what m doing n u making me believe more that refund policy by Amazon in India is really poor..!
Ur seller is even not taking calls nw","@119700 As you have provided your details, we have our team working on your issue, Gautam. (1/2)^SF"
@AmazonHelp Did the same..but din't get any response..n ur chat executive says we don't have any record of u..,@119700 We are right on it! We'll get back to you soon. ^AG
"@AmazonHelp Last mail rec'd on 09.10.2017 stating refund will be in my account by 14.10.2017
Bt same not rec'd.",@119700 That's strange. Kindly write back to the email received and we'll check this out for you. ^VM
"@AmazonHelp All m getting is apologies but no refund.. everything is online, unable to understand the delay!!","@119700 You must have received a correspondence to your registered email address, request you to check the same. ^SH"
"@AmazonHelp form has been filled awaiting for a solution n refund. I have already invested my energy in explaining before, kindly treat it urgent.",@119700 Apologies for the bad experience. Thanks for sharing your details. We'll get in touch with you. Appreciate your patience. ^AK
@AmazonHelp Now with #fraud u guyz have started #lying as well not even a single call has come from your team #poorcustomerservice #fraud https://t.co/JDr9VTOeGa,@119701 Sorry about that Aadil. Please respond to this email and we'll check this for you. ^HN
@AmazonHelp Is there a human working there or robots cant u see i have replied twice guyzzz pls call on 8424869098 #poorcustomerservice #fraud #complain,@119701 Please don’t provide your details as we consider them to be personal information. Our Twitter page is visible to public. ^YP
@AmazonHelp Is there a human working there or robots cant u see i have replied twice guyzzz pls call on 8424869098 #poorcustomerservice #fraud #complain,@119701 with your preference and we'll get back. (2/2)^YP
@AmazonHelp Is there a human working there or robots cant u see i have replied twice guyzzz pls call on 8424869098 #poorcustomerservice #fraud #complain,"@119701 I'm afraid we haven't received your write-back to us, Aadil. Please respond to our latest correspondence (1/2)"
@AmazonHelp Amazon its a complete fraud now u are saying u will ship till 7th please for god sake #help #cancelorder #refund #fraud #poorcustomerservice https://t.co/riuEM7g6om,@119701 Could you please let us know if you had received any email stating the package was  going to be shipped by 7th ? ^KS
@AmazonHelp Amazon its a complete fraud now u are saying u will ship till 7th please for god sake #help #cancelorder #refund #fraud #poorcustomerservice https://t.co/riuEM7g6om,"@119701 That is unusual, Aadil. Looking at the image, I see that the package will be delivered between 3rd to 6th November. ^KS 1/2"
@AmazonHelp Do u hav brain the product is taking more then a week to reach me and i am #primememeber and can u read i need a #refund now i dnt #trust,@119701 details here: https://t.co/GIJyeYqKE0 and I'll get back to you. (3/3) ^KA
@AmazonHelp Do u hav brain the product is taking more then a week to reach me and i am #primememeber and can u read i need a #refund now i dnt #trust,@119701 account via Twitter. Please reply to the email you've received from our team or kindly resubmit your (2/3) ^KA
@AmazonHelp Do u hav brain the product is taking more then a week to reach me and i am #primememeber and can u read i need a #refund now i dnt #trust,@119701 Sorry to know about the delay with the order. I understand you wish to cancel the order. We can't gain access to your (1/3) ^KA
@AmazonHelp This says will be reaching please can some one really #help me I promise wont make any further purchase with #Amazon #help #shameful https://t.co/yuU8kSbKOs,"@119701 Aadil, please reply to the email you've received from our team so that we can assist you accordingly. ^MS"
@AmazonHelp Guyzzz i have not received any mail have some common sense if i would i have received it why the f*** i would hav not replied #CommonSense,"@119701 In that case, please fill in the form again here: https://t.co/GIJyeYqKE0 and we'll reach out to you. ^VN"
@AmazonHelp When will i be getting a refund of this product #help #pleasebesensable https://t.co/gGgeU6tmhP,@119701 Our team has sent you a correspondence. Kindly check it here: https://t.co/8DAc10S7ww ^AP
@AmazonHelp How shameful u guyzz are when product is replaced it come on friday and if i purchase a new it comes tom #complain #amazoneisfraud https://t.co/smxpZ6oidm,@119701 We have sent a correspondence to your registered email ID. Please check and reply.^AH
@AmazonHelp Most #pethetic service right look at the time i am waiting since 2 days and guess wat I am a #primemember #badservice #refund https://t.co/KKsr3XCfjz,"@119701 I'd like to take a closer look into this, please share your details here: https://t.co/GIJyeYqKE0. ^AG"
@AmazonHelp The moment I tweeted you guyz i got a call from ur agent stating that he will pickup the product tomorrow really bad service #complain,@119701 Sorry for the delay. I'll be sure to pass on your feedback. Kindly wait until the mentioned time frame. Do keep us posted. ^AK
@115821 @115850 @AmazonHelp req a replace for one of my purchase it was scheduled for today between 10 to 1 its 3 no one has come #help,@119701 Apologies for the delay. Have you reported this to our support team here: https://t.co/vlvfJr4nN9? ^RB
"@AmazonHelp Ordered last Friday, still not here.",@119702 What was the estimated delivery date provided in the order confirmation e-mail? ^MJ
@AmazonHelp My guaranteed delivery date was Monday.,@119702 My apologies. What is the latest update on the tracking?: https://t.co/Y5jpI9gRhE ^PK
@AmazonHelp USPS still doesn't have it. Said it departed your facility Sunday. Then said it again yesterday.,"@119702 Hey, get in touch with us here: https://t.co/JzP7hlA23B  so we can help you out ^KM"
@AmazonHelp Hi ...enough mails done but response is very discouraging... contact me on call,@119703 We would be unable to reach out to you from here. Kindly write back to the email sent by our team (1/2) ^VM
@AmazonHelp Hi ...enough mails done but response is very discouraging... contact me on call,@119703 requesting for a call-back and we'll reach out to you soon. (2/2) ^VM
@AmazonHelp No updates even after 2 weeks....poor n shame on Amazon...#JeffBezos https://t.co/L7ZGVDnJA9,@119703 Apologies. Request you to reply to our email correspondence for further assistance and we'll look into this. ^MK
@AmazonHelp I already replied on mails..no more mails...I have seen the way Amazon handled the situation...call me &amp; clear can it done or not,"@119703 sent by our team and request for a phone call. Once you do so, our team will get back to you through phone soon. 2/2 ^RS"
@AmazonHelp I already replied on mails..no more mails...I have seen the way Amazon handled the situation...call me &amp; clear can it done or not,@119703 We're unable to contact you here through a phone as this is a Social Media platform. Please write back to the email 1/2 ^RS
@AmazonHelp Many mails done...need clarification on what I asked...why 500 deposited as compensation..why no action against seller &amp; brand,@119703 further assistance as we wouldn't have the access to your account from here. Appreciate your understanding. 2/2 ^NK
@AmazonHelp Many mails done...need clarification on what I asked...why 500 deposited as compensation..why no action against seller &amp; brand,"@119703 I get your disappointment, Anurag. Request you to respond to the correspondence that was sent by our team for the 1/2 ^NK"
@AmazonHelp No updates no mailed issue...pure ignorance....,@119703 Kindly revert to our email correspondence with further query on this and we'll be happy to take it over from there. ^AB
@AmazonHelp Not satisfied,@119703 We've made a note of your comments and passed it along to the concerned team. We'd appreciate your understanding. ^MA
@AmazonHelp Great response by Amazon.... compensation of 500 INR...no legal action against seller &amp; brand #JeffBezos https://t.co/JmwhiGX814,"@119703 As informed in the email, please be assured that appropriate actions will be taken for improvement. ^NR"
@AmazonHelp Already shared...,"@119703 As you've shared your details, we'll work on it and get back to you at the earliest. ^HN"
@AmazonHelp One word for Amazon... Pathetic...,@119703 Please share your details in the above link Anurag and we'll check this for you. ^HN
@AmazonHelp Stop asking non sense. it's been mid of the day providing hell of details but no response yet. Not even Surya Flames responded #JeffBezos,@119703 email correspondence from our team. Kindly check the same and revert. 2/2 ^MM
@AmazonHelp Stop asking non sense. it's been mid of the day providing hell of details but no response yet. Not even Surya Flames responded #JeffBezos,@119703 I do get your concern. As informed earlier if you've filled in your details you should have received an 1/2 ^MM
@AmazonHelp U people not even understanding the situation...there was fire on stove n if cylinder got fired what worst could happened...,@119703 I'm sure our team would reach out to you soon. (2/2) ^VM
@AmazonHelp U people not even understanding the situation...there was fire on stove n if cylinder got fired what worst could happened...,"@119703 I understand your concern. However, if you've already filled in your details, (1/2) ^VM"
"@AmazonHelp Order id-407-2808023-6902735
Mails already done","@119703 Please don't provide your order details, we consider it to be personal information. Our page is visible to the public.^SF"
"@AmazonHelp Order id-407-2808023-6902735
Mails already done",@119703 and send us your details using the link provided by 'SV' and I will look into the issue right away.(2/3)^SF
"@AmazonHelp Order id-407-2808023-6902735
Mails already done","@119703 I'm afraid we haven't received your details, Anurag. Please sign in to your account, (1/3)^SF"
@AmazonHelp Because of Amazon I purchased a product which blasted on day one...n u people asking me to keep cool...where is Surya flames #suryaflam1,"@119703 Apologies for the situation, Anurag. Please share your details here: https://t.co/GIJyeYqKE0 I'll reach &amp; assist. ^SV"
@AmazonHelp Do u think it's just normal happening???this is real happened with me...do you still think it's not worth to show quality of product,"@119703 Be assured, we've shared your comments with internal teams for review and to improve our services. (2/2) ^SV"
@AmazonHelp Do u think it's just normal happening???this is real happened with me...do you still think it's not worth to show quality of product,@119703 We understand your situation. Apologies for the experience with your order. (1/2) ^SV
@AmazonHelp @119704  https://t.co/rUjHdeMm9G,"@119703 However, you need to adhere to guidelines here: https://t.co/jimvgYJFRD to post review. (2/2) ^SV"
@AmazonHelp @119704  https://t.co/rUjHdeMm9G,"@119703 I get your disappointment about posting your review, Anurag. We never intended this experience. (1/2) ^SV"
"@AmazonHelp I am getting any mails nor any calls from u.
If not able to solve let me know...I ll uninstall Amazon n share my feedback with others too",@119703 We have emailed you here: https://t.co/DTSNmGldJf Kindly check &amp; reply to it for further assistance.^SY
@AmazonHelp As compensation you are giving me 500 InR in account.. shame &amp; unethical...,@119703 I'm sorry about the disappointment. I'll be sure to pass your feedback to the concerned team internally. ^SG
@AmazonHelp I already replied on mails...u people just wasting time nothing else.. no action has been taken against seller n brand...as a compensation,"@119703 I understand your concern, Anurag. Please reply to the email you've received from us and I'll get back to you. ^HD"
"'Hey @AmazonHelp i haven't received my ""delivered"" order.' 
'Did you check around your house' lmao https://t.co/w6FRcwmoFX",@119790 I'm sorry you didn't receive your order. Did our customer service agent provide a solution for you? ^SE
@AmazonHelp Kindly share my contact number 9800019281 to ur team to contact me,"@119791 Also, please don't provide your contact details as its personal info. Our Twitter page is visible to public. 2/2 ^AB"
@AmazonHelp Kindly share my contact number 9800019281 to ur team to contact me,@119791 We're unable to arrange a callback for you over Twitter. Please make a request using the link above and we'll oblige. 1/2 ^AB
@AmazonHelp See after getting amount it happens that eveyone become unable in assisting.,"@119791 Due to which we do not have an option to call you back, please use the link provided earlier to request a call back. (2/2) ^SI"
@AmazonHelp See after getting amount it happens that eveyone become unable in assisting.,@119791 Twitter being a public platform we do not have access to your order details. (1/2) ^SI
@AmazonHelp Thats why i writing here that rest of the people shd know about your services and how you r making fool on name of prime,@119791 further assistance. Appreciate your understanding. (2/2) ^KA
@AmazonHelp Thats why i writing here that rest of the people shd know about your services and how you r making fool on name of prime,"@119791 Sorry for the disappointment. As mentioned earlier, please reach out to us using the link provided earlier for (1/2) ^KA"
"@AmazonHelp I dont need to contact u now, it is as mistake take that i paid for Prime.",@119791 out to our team using the link shared earlier. (2/2) ^GK
"@AmazonHelp I dont need to contact u now, it is as mistake take that i paid for Prime.","@119791 I get your disappointment. However, we'll not be able to contact you over Twitter. Kindly reach (1/2) ^GK"
@AmazonHelp Kindly note i will not received or accept my last order. I have choosen COD but due bad service of Prime i will not accept,@119791 provide your details here:  https://t.co/beaaDm0muc &amp; we'll get this sorted.(2/2)^SF
@AmazonHelp Kindly note i will not received or accept my last order. I have choosen COD but due bad service of Prime i will not accept,@119791 I'm sorry for the unpleasant experience. We'd like to change it. Please (1/2)^SF
@AmazonHelp I dont want to change my order but will not accept. Order # 403-3917499-2913904,@119791 to you. Please don’t provide your details as we consider them to be personal information. Our Twitter page is public. 2/2 ^SH
@AmazonHelp I dont want to change my order but will not accept. Order # 403-3917499-2913904,"@119791 We'd like to assist you with the issue, kindly provide your details through the link provided above and we'll get back 1/2 ^SH"
@AmazonHelp Kindly return my prime membership amount,@119791 Please connect with our support team here: https://t.co/2t6DQoUmNZ for further assistance on it. ^RW
@AmazonHelp When i was not a member everything was under gaurantied delivery and once i paid for membership facility is limited,@119791 We will consider this as feedback and ensure to pass it on internally for improvements. ^RW
@AmazonHelp After prime membership gaurantied delivery option has vanished now,"@119791 If the factors do not provide the feasibility of a guaranteed delivery, the option will not be available. (2/2) ^ZH"
@AmazonHelp After prime membership gaurantied delivery option has vanished now,"@119791 The guaranteed delivery date will be available based on various factors such as location, courier used, distance etc.(1/2) ^ZH"
"@AmazonHelp No use of prime membership, return my money","@119791 Could you please confirm, if we've missed the estimated delivery date? ^AG"
@AmazonHelp Pathetic reply by your caller,@119791 Did we happen to miss the estimated delivery date? ^AG
@AmazonHelp None of your links are taking me to a solution. Been after this since 3 days. Most pathetic service ever. You guys shall call me ASAP! (1/2),@119793 Please add an email address to your account and then continue to fill the form. Appreciate your patience. ^RW
@AmazonHelp This form also has a tab which asks for the email address associated with my Amazon account but there is NONE. How do I fill in that? Urghh,@119793 select 'More order issues' &gt; choose from chat/phone/email we'll be glad to help. (3/3) ^KA
@AmazonHelp This form also has a tab which asks for the email address associated with my Amazon account but there is NONE. How do I fill in that? Urghh,"@119793 https://t.co/vlvfJr4nN9 &gt; Login to your Amazon.in account &gt; Under 'Tell us more about your issue', (2/3) ^KA"
@AmazonHelp This form also has a tab which asks for the email address associated with my Amazon account but there is NONE. How do I fill in that? Urghh,"@119793 Sorry for the trouble, Asmita. Please follow the path mentioned here to connect with us: Click on the link here: (1/3) ^KA"
"@AmazonHelp This is very irritating. When I request a call, each time on the call it says, you don't have any order. For more info visit website. Poor!",@119793 I apologize for this. Request you to share the details using this link: https://t.co/cQVomR1pWz and we'll look into it. ^SK
"@AmazonHelp I am unable to drop you a mail through this link as there's no email id associated with this account, it's a mobile account. Facing trouble.",@119793 Please log into your account using your mobile number and request a call back from us. We'll reach out to you and help. ^HK
@AmazonHelp I have replied to the mail also check it and provide some useful reply,@119794 Thank you for confirming. You should hear an update from us soon. Keep an eye on your mailbox. ^MP
Going to take this in the consumer court...total fraud from amazon @AmazonHelp i will sue you guys for this ... https://t.co/R8hCqnIS4i,"@119794 We're unable to verify any detail over Twitter, Anjana. Please respond to our email so we could take it from there. ^JC"
@AmazonHelp Please find attached screenshot https://t.co/uivHzbY3JE,@119796 I'm sorry for the trouble. Please submit your details here: https://t.co/GIJyeYqKE0 and we'll check right away. ^RW
@AmazonHelp I have shared the details I need immediate solution for this I have to give order today,@119796 Thanks. We'll check and revert at the earliest. ^HK
@AmazonHelp Still I didn't received any update from your end. I have to book order today,@119796 You must have received a response here: https://t.co/cx0UNsZXpj. Please let us know if you do not see the email here. ^KS
@AmazonHelp Afternoon only I have replied. I have screenshot also. Till now I didn't received any update. After doing regular follow-up also no action,@119796 I'm sorry for the stretch. We're working on this and we'll reach out to you soon with an update. Appreciate your cooperation. ^KH
@AmazonHelp Till now also I don't received any update from your end,@119796 and proceed as per the suggestion. ^SG(2/2)
@AmazonHelp Till now also I don't received any update from your end,@119796 I see that we've sent you a correspondence. Kindly check the same here: https://t.co/ubzNHWZvL2 (1/2)
@AmazonHelp This is my account only. How you can say this is duplicate account.,"@119796 Twitter being a social platform, we wouldn't be able to check the account info here. Kindly reply to the email sent by us. ^PR"
@AmazonHelp I unable to add money to my Amazon wallet. I called customer service but no action since one month,@119796 I'm sorry for the trouble. Could you tell us more about the issue you're facing while adding amount to your pay balance? ^GK
@AmazonHelp wht explanation would you like 2 gv now as mor order got cancelled n products r returned back after waiting 4 mor thn two weeks?,@119798 I'm sorry about that. Could you confirm sharing your details in the link shared earlier? ^GK
@AmazonHelp whts benefit? chatted wth 1 of ur executive. aprt fr4 Sorry n Apology he has nothing 2 offer. if u cn do something better thn reply or leave,"@119798 I get you're upset. However, we'd like to get this sorted out, please share the details and we'll reach out to you. ^MS"
"@AmazonHelp apologies only dnt work. why last tim i was gvn assurance tht i wont repeat and now it happened again, whts your excuse now?",@119798 I’m sorry for the hassle. Please drop in your details here: https://t.co/GIJyeYqKE0 We will look into it. ^SB
@AmazonHelp I have a samsung and roku tvs. On both models I have trouble watching. The roku the most. The samsung is better but I've experienced buffer,@119799 I'm sorry to hear this. Please try these tips and let us know if it improves: https://t.co/PnaAaBPiBh ^BH
@AmazonHelp The pick up has been arranged 5 times now and cancelled at the last moment without citing any reason!,@119902 I'd like to take a closer look into it. Please fill in this form: https://t.co/GIJyeYqKE0 and I'll revert shortly. ^AB
@AmazonHelp It is a doorstep pick up but I need to bear the charges for the courier while I am struggling to get a refund for the already paid order,@119902 Was a pick up arranged on your order or were you asked to self-return it? Please tell us more. ^HK
@AmazonHelp #pathetic customer service. New low in e-commerce. Trying to raise a return request 5 times. #Fail,@119902 Sorry for the trouble while raising a return request. May I know if you have been asked to self return the item? ^SH
@AmazonHelp Did you guys do anything?,"@119903 (2/2) For account security reasons, we recommend that you delete any account sensitive information from Twitter. Thank you. ^SE"
@AmazonHelp Did you guys do anything?,"@119903 (1/2) We're here to help! When you have the time, please reach us by phone/chat here: https://t.co/3NIamiPTw7. Thanks. ^SE"
"@AmazonHelp @7108 Found error on website, one click on $4.85 makes it $285 on card select screen https://t.co/zrzUwV6Cl1","@119903 to the payment page that you have in your 2nd screenshot? We want to help in the best way possible, so pls let us know! ^KN 2/2"
"@AmazonHelp @7108 Found error on website, one click on $4.85 makes it $285 on card select screen https://t.co/zrzUwV6Cl1","@119903 We've tried to replicate this on our end, but we're not seeing what you are. Can you tell us what steps you took to get to...1/2"
@AmazonHelp I need a solution why u r not helping consumers on self return things. M not bought product to self return. Why Amazon allows such seller,@119904 to our team internally to work on it. 2/2 ^SB
@AmazonHelp I need a solution why u r not helping consumers on self return things. M not bought product to self return. Why Amazon allows such seller,@119904 I'm sorry you had an unpleasant experience regarding the return. I would pass on your comments as feedback 1/2 ^SB
@AmazonHelp Also concern how I get my shipping charges back once self return product?,@119904 Please connect with us using this link here: https://t.co/00q4Sqj9zL for further assistance. ^KA
@AmazonHelp Thanks a lot for helping your consumers we always grateful to u. There is no online shopping app where problems not occur but to help,@119904 You're welcome. Appreciate your understanding. Do keep us posted for any further assistance and we'll be glad to hep you. ^MK
@AmazonHelp @115850 I have bought a product and now it's size is not matching I want to return it and also requested return process.,@119904 You may refer here: https://t.co/M27c4qF86m for details on refund for return shipping charges. Hope this helps! 3/3 ^AB
@AmazonHelp @115850 I have bought a product and now it's size is not matching I want to return it and also requested return process.,"@119904 we were unable to arrange a return, hence we requested you to cooperate and self-return the order for a refund. 2/3 ^AB"
@AmazonHelp @115850 I have bought a product and now it's size is not matching I want to return it and also requested return process.,@119904 Apologies for any trouble. Wherever possible we do offer a return pickup to reduce customer effort. In this case as 1/3 ^AB
"@AmazonHelp #unprofessional order id # 
403-7503264-7181114,403-8300003-6354735,403-5491238-8117144",@119907 Please share your details here: https://t.co/GIJyeYqKE0 and I'll reach out to you. (2/2) ^KA
"@AmazonHelp #unprofessional order id # 
403-7503264-7181114,403-8300003-6354735,403-5491238-8117144",@119907 This doesn't seem to be right. Apologies for the delivery issue. This isn't what we intended. (1/2) ^KA
"@AmazonHelp Being #harrassed by the delivery guys for days, reached out to customer service multiple times but hardly any resolution !","@119907 Please don't provide your order details, we consider it to be personal information. Our page is visible to the public. ^KA"
"@AmazonHelp Oh you are so considerate, then why can't you treat the orders you take with same consideration, #Awful customer service",@119907 We'd like to help with that. Kindly drop in your details using the link provided above and we'll reach out to you. ^AB
@AmazonHelp  where does a customer goes to share his/her concerns about the fullfillment centre,@119907 Could you please elaborate your concern about the fulfillment center so that I can assist you accordingly?^SF
@AmazonHelp hey I started a Amazon prime trial..i was charged $1..wats that about ?,"@119908 When you sign up for a Prime free trial, we send an authorization to your bank. Here's more info: https://t.co/9Kj5TvSFFo ^JP"
@AmazonHelp Yes. Once from the original date,@119969 What is the current delivery date? Has this passed? ^CL
"@AmazonHelp It was expected 10/30-10/31 so yes, it has passed.",@119969 Please contact us: https://t.co/hApLpMlfHN so an agent can look into this for you. ^JJ
@AmazonHelp It was updated to 10/30 later but that was also wrong,"@119969 Has the delivery date been updated on your tracking status? You can find that here:  https://t.co/Y5jpI9gRhE 
^BT"
@AmazonHelp I have called already and spoken to the rep. This keeps repeating. Fire your courier managers in my locality,@119628 Please fill in your details using the link: https://t.co/JzRdscmdH9 and I'll get in touch with you soon. ^AK (2/2)
@AmazonHelp I have called already and spoken to the rep. This keeps repeating. Fire your courier managers in my locality,@119628 Apologies for the trouble with the delivery of the order. I'd like to take a closer look at this. ^AK (1/2)
"@AmazonHelp Got it just now about 4 hours after it was supposedly delivered. As I said, unpredictable and non-trustworthy delivery process",@119628 Thanks for keeping us posted. I'll be sure to share your comments on this as feedback with the team internally. ^AB
"Two DOA orders. First hard drive came bouncing in a giant box, second one crushed in a padded envelope... sigh. Refund on way. @AmazonHelp https://t.co/4bRVrNlrBy",@119970 Please help us to improve by providing your packaging feedback here: https://t.co/9eu9vrS5HB ^SY
@AmazonHelp @119973 Es nervt das ich mich seit neusten  beinahe täglich auf. Fire tv stick neu einloggen muss 😈,"@119972 Oje! Melde dich doch gleich mal hier https://t.co/wWn0qM25US und lass meine Kollegen prüfen, was da los sein könnte. Gruß ^DS"
@AmazonHelp @119973 Es nervt das ich mich seit neusten  beinahe täglich auf. Fire tv stick neu einloggen muss 😈,@119972 Konnten die Kollegen bei dem Problem behilflich sein?
@AmazonHelp Please elaborate. If the charges are of prime subscription on https://t.co/PDFhxlk2Fc then why was i charged 499 in the first place??,@119974 We'd like to have a look into the same; hence the request. Kindly reach out to our support team for further assistance. ^AB
@AmazonHelp @115850 at my address. Will pay then return charges. But also want to tell u this is not right that we pay self return courier cost then what's,"@119904 I understand your concern, unfortunately we cannot arrange a return as already mentioned. Kindly self-return the order. ^ZH"
@AmazonHelp I have filled the form but I don't expect anything concrete to happen besides paying lip-service. No one comes back to say why this happens,"@120030 Thank you for confirming, we are looking into it and will get back to you soon with an update. ^SI"
"@AmazonHelp With @115850 Wonders will never cease! Now, with respect to my 'DELIVERED' item, i have received the following sms: ...1/n","@120030 Please don't provide your order details, we consider it to be personal information. Our page is visible to the public.2/2^SY"
"@AmazonHelp With @115850 Wonders will never cease! Now, with respect to my 'DELIVERED' item, i have received the following sms: ...1/n",@120030 We've emailed you here: https://t.co/DTSNmGldJf Kindly check &amp; reply to if for further assistance. 1/2 ^SY
"@AmazonHelp 24 to 48 hours 2resolve.But WTH! First,Amazon says 'Delivered' then,says 'Item could not be delivered,as there was no one 2accept delivery'",@120030 received your revert and we'll reach out to you soon. (2/2) ^GK
"@AmazonHelp 24 to 48 hours 2resolve.But WTH! First,Amazon says 'Delivered' then,says 'Item could not be delivered,as there was no one 2accept delivery'","@120030 The details are already escalated to the team and we are working on it. Further, we've (1/2) ^GK"
I'm facing more bullshitting by @115850 Another package of mine is shown 'delivered' yesterday @AmazonHelp Somethings wrong at amazon...,@120030 Apologies for the mix-up.I’d like to help you; please fill this form: https://t.co/beaaDm0muc and I’ll contact you soon.^SC
"@AmazonHelp HEY, I have 30 packages that need to be refunded on nov 5th which is the estimated shipping time. fake tracking. never shipped.",@120031 Are the packages sold/fulfilled by Amazon or a third-party seller? That info can be found here: https://t.co/Y5jpI9gRhE ^SH
@AmazonHelp What is the response. I am yet to get a call from customer care,@120032 Please respond to our email or request a call back through the same mail so we could reach out to you. ^JC
"@AmazonHelp Have already shared my registered mobile no. 9673101122, but I m currently contactable on 9818601122","@120032 Please don't provide your order details, we consider it to be personal info. Our page is visible to the public.  2/2^VH"
"@AmazonHelp Have already shared my registered mobile no. 9673101122, but I m currently contactable on 9818601122",@120032 Please respond to our email or request a call back through the same mail so we could reach out to you. 1/2 ^VH
@AmazonHelp If nothing happens then I will put on FB also,@120032 here: https://t.co/beaaDm0muc and we'll reach out to you. (2/2) ^GK
@AmazonHelp If nothing happens then I will put on FB also,@120032 I just checked and we haven't received your details yet. Kindly share your details (1/2) ^GK
@AmazonHelp Have shared the details in the above linked which was shared by u. Need early resolution from u.,"@120032 Thanks for sharing, Kamlesh. We'll check and get back to you at the earliest.^AR"
"@AmazonHelp Called USPS for delivery info. Estimated hold time for the next representative is FIFTY MINUTES. As YOUR customer, I shouldn't be doing this",@120034 We're able to contact the carrier on your behalf using the link ^LH provided above. ^KP
"@AmazonHelp Yes, I've sent an email through your link.","@120034 When did you contact us? If you've received a reply, what insight were we able to provide? ^AR"
@AmazonHelp I gave it another day and still not delivered. 😡,"@120034 I'm so sorry for the trouble. If you have a moment, please contact us by phone or chat here: https://t.co/hApLpMlfHN. ^LH"
"@AmazonHelp No, is USPS even contactable, esp after hours?  I'll wait and see what happens tomorrow. Two delivery mishaps this month - one UPS, one USPS","@120034 Unfortunately not. However, you can check the carrier website for more detailed tracking information. Please keep us posted. ^SY"
"@AmazonHelp USPS is the carrier. They are usually here 10 am-12 pm, so I don't know what's going on.",@120034 That's really weird! Have you contacted them to see if they could provide any insight? ^AJ
"Really unhappy, @AmazonHelp. I'm sitting here at home all day and I got this text a few minutes ago. https://t.co/w35PxLWI0K",@120034 Hello! I'm really sorry for the frustration. Who was the carrier for the order? You can find that here: https://t.co/Y5jpI9gRhE ^AJ
"@AmazonHelp Please help
Your team is not providing support and information properly. They are just ingnoring my request. I need access. https://t.co/VqK97kzHrt",@120035 I'm sure you will soon receive a reply from our Account Specialist team with an update. (2/2) ^SI
"@AmazonHelp Please help
Your team is not providing support and information properly. They are just ingnoring my request. I need access. https://t.co/VqK97kzHrt",@120035 Since your account is on hold even our hands as customer service are tied. (1/2) ^SI
"@AmazonHelp Accidentally bought Amazon Prime when I misread it for the free month trial, and I wanted to know if theres any way for a refund",@120036 You can cancel your Prime membership and receive a refund if you haven't used the benefits here: https://t.co/H4QaQR9DYf  ^SE
@115850 @AmazonHelp 'Handed over directly to Customer' when I'd left this place at 6:00 pm &amp; never returned for the night. Trust @115850 to do the impossible,"@120030 I'm sorry, this was never our intention. Did you report this to our customer service team here: https://t.co/vlvfJr4nN9. ^SI"
@AmazonHelp Package yet to be received. The delivery boy must’ve signed himself or delivered to someone else. Also if possible send me photo of the sign,@120037 I'm sorry about the conflicting tracking update. Kindly share your details here: https://t.co/beaaDm0muc ^GK
@AmazonHelp Your customer service has reverted saying that apparently the package has been delivered and signed by receipt my yesterday. Not true.,@120037 Sorry for the trouble with the delivery. Kindly drop in your details here: https://t.co/2nQ2CFxoWn and we'll work on it.^NS
@115850 @AmazonHelp Does you app have a feedback option “product not delivered” ?,@120037 Sorry for the hassle. Please report this to our support team here: https://t.co/vlvfJr4nN9 and we'll check this. ^HN
@115850 i have received a message that product has been delivered whereas it hasn’t been delivered. Second time happened @AmazonHelp,@120037 That's strange! Please report this to our support team here: https://t.co/vlvfJr4nN9 so that we can and do the needful. ^RI
"@AmazonHelp They have promised me that my cashback of INR 1500 will be received by 5th November, hope this doesn't repeat in future. Thanks #AmazonIndia","@120039 I get your concern, Abhilash. Cash back shall be processed as per the timelines shared with you. Rest assured. ^SV"
"@AmazonHelp @115850  @120040
Even after your team's promise, I have not received my cashback of INR1500 before deadline given by them.",@120039 Please reply to the email for further assistance on it. 2/2 ^RW
"@AmazonHelp @115850  @120040
Even after your team's promise, I have not received my cashback of INR1500 before deadline given by them.","@120039 As you have filled the details, you will receive an email correspondence from our team here: https://t.co/WVqPFC8jLV ^RW 1/2"
"@AmazonHelp @115850 @120040 Wow this is great, now again i am getting mail that max eligible cashback is INR450. What the heck is wrong with Amazon support. @115850",@120039 Kindly reply to the email that we've sent. We'll check this for you. ^SG
"@AmazonHelp @115850 @120040 I have mailed 3-4 times after that but i am still getting the same standard email, exact same mail",@120039 You can add your insight by writing back to the e-mail sent by our team. We'll reply to the same. ^MP 2/2
"@AmazonHelp @115850 @120040 I have mailed 3-4 times after that but i am still getting the same standard email, exact same mail",@120039 I'm sorry for this experience. The resolution provided by our team over email is the best we can offer at the moment. ^MP 1/2
@AmazonHelp On 1st Nov your team agreed in mail for cashback of INR1500 and now someone else from your team is saying max INR450. This Is cheating.,@120039 Kindly reply to the email sent by us for further assistance on this issue. ^RI
"@AmazonHelp I have submitted all the required details, please do the necessary else i'll have to go to consumer forum this time :(",@120039 Thanks for sharing your details. We'll get in touch with you soon. ^AK
"@AmazonHelp #AmazonIndia ordered echo plus on 6th October, till now have not recieved any cashback. Now customer care is saying i am eligible for (1/2)",@120039 so that we can get in touch with you. (2/2) ^VM
"@AmazonHelp #AmazonIndia ordered echo plus on 6th October, till now have not recieved any cashback. Now customer care is saying i am eligible for (1/2)",@120039 That's strange. Let me check this out for you. Please drop your details here: https://t.co/rgb8rZzIXD (1/2) ^VM
@AmazonHelp わわ、ご丁寧に返信頂き、ありがとうございます(_ _*)もしかしたらそうなのかも知れません💦引き落とし確認前に購入してしまった物があるので、取り敢えず月会費に変更してみました。次月利用予定なければキャンセルする予定です。,@120085 Amazonプライムについてわかりづらい点があり、ご不便をおかけいたしました。プライム・ビデオやPrime Readingなど色々な特典をご用意しておりますので、ご登録中にお試しいただければ幸いです。https://t.co/MWYYmYCq9S ET https://t.co/3WsXPKypKK
"@AmazonHelp So this order 407-7402036-7182732
Placed on 30th and supposed to reach me on 2nd  November
Now is this as per amazon prime delivery std ??",@120086 Our Twitter page is visible to public. 3/3 ^SB
"@AmazonHelp So this order 407-7402036-7182732
Placed on 30th and supposed to reach me on 2nd  November
Now is this as per amazon prime delivery std ??",@120086 internally to work on it. Please don’t provide your order/account details as we consider them to be personal information. 2/3 ^SB
"@AmazonHelp So this order 407-7402036-7182732
Placed on 30th and supposed to reach me on 2nd  November
Now is this as per amazon prime delivery std ??",@120086 I'm sorry you had an unpleasant experience regarding the delivery. I would pass on your comments as feedback to our team 1/3 ^SB
@AmazonHelp I rather not take prime then and use the normal service as I don’t see any diff or advantages,@120086 prime customers will receive free standard delivery. (2/2) ^VM
@AmazonHelp I rather not take prime then and use the normal service as I don’t see any diff or advantages,"@120086 For some items, the option of one-day or two-day delivery may not available, in this case (1/2) ^VM"
@AmazonHelp Placed the order on 30th October and I am getting it on 2nd November,@120086 Orders placed with us are basically shipped and delivered as per the estimates shared. Kindly let us know if there was a miss. ^AB
@AmazonHelp 丁寧にありがとうございます,@120090 とんでもないことでございます。お困りのことがございましたら、ご遠慮なくお知らせください。 YM
@AmazonHelp Hahaha. Reported multiple times...even spoke to ur so called customer service.. no help...,@120092 I get your disappointment. I’d like to help you; please fill this form: https://t.co/beaaDm0muc and I’ll contact you soon. ^SC
@AmazonHelp Call me on 9873388201. I have already spent a good part of my day taking to ur useless customer service and chatting. Not going to fill.,@120092 Unless the form is filled we wouldn't be able to offer any further insight in this case. Thanks for understanding. 2/2 ^AB
@AmazonHelp Call me on 9873388201. I have already spent a good part of my day taking to ur useless customer service and chatting. Not going to fill.,"@120092 For account security purposes you'd have to fill the form, for us to have a look into your issue and arrange a callback. 1/2 ^AB"
@AmazonHelp 連絡しましたよ。仕様だそうで。どういうつもりか存じませんが、かなり問題のある仕様だと思いますが。,@120093 当サイトのご利用に際しわかりづらい点があり、お手数をおかけいたしました。いただいた貴重なご意見は、真摯に受け止め、サービス向上に努めてまいります。　SM
@AmazonHelp はい^ ^すぐに架空請求だと分かりました。ありがとうございます。,@120094 とんでもないことでございます。今後も引き続きお気を付けください。TN
@AmazonHelp logistics dpt  created ticket 24 hrs ago with no  response as promised😢. Feeling so disappointed word was not kept !  #feeling unimportant,"@120166 Sorry about that! Can you reach us here again, please:   https://t.co/hApLpMlfHN ^CD"
@AmazonHelp What do you mean prices are ever changing? Is @115850 a stock exchange? And how can you charge more than MRP? Should I sue you?,@120171 We'd like to have a look into this. Kindly report it here: https://t.co/2t6DQoUmNZ and our team will assist further. ^AB
@AmazonHelp U kindly refund the amount back .. I have sent back the product and I demand a refund for the same .never had such dissaponments wit amazon,@120173 We've emailed a correspondence to you. Kindly check it here: https://t.co/8DAc10S7ww &amp; reply to it for further assistance.^SF
@AmazonHelp Do not make us helpless and kindly refund my amount ..,@120173 We've already sent a correspondence to your registered email ID. Please check it and reply us with your concerns. ^SC
@AmazonHelp It says wrong product has sent .. refund cannot be given ... u kindly ask ur courier guy n confirm me what was given to him ..,@120173 Kindly reply to the email that we've sent. We'll investigate this further. ^SG
@AmazonHelp Have sent the prouduct back .. and after a month ur complaining that the product sent is wrong .. @AmazonHelp,"@120173 I'm sorry, we never intended this. Please reply to the email here: https://t.co/DTSNmGldJf and we'll get back to you. ^SI"
"@115850 @115821 @AmazonHelp Order no 408-9297978-3842763"".
Men's Polo (8907036565225_USTS1840_M_Apricot)"".#refund not recd..been 2 weeks","@120173 Please don't provide your order details, we consider it to be personal information. Our page is visible to public. (2/2)^RI"
"@115850 @115821 @AmazonHelp Order no 408-9297978-3842763"".
Men's Polo (8907036565225_USTS1840_M_Apricot)"".#refund not recd..been 2 weeks",@120173 Sorry for the miss. We'd like to help you out. Please fill this form: https://t.co/beaaDm0muc and we’ll contact you soon. ^RI
@AmazonHelp Also when will Amazon prime music be available for Indian users of Alexa?,"@120174 In order to stream music from Amazon Prime Music on the echo devices, the customer has to be an Amazon Prime member. 2/2^AR"
@AmazonHelp Also when will Amazon prime music be available for Indian users of Alexa?,@120174 Amazon Prime Music is one of the music streaming services available exclusively on echo devices starting 10/31. 1/2 ^AR
@AmazonHelp How do I check if prime music is working on my echo device?,@120174 You can check this on Alexa app. ^SU
@AmazonHelp why is Videos option missing in the skills for Alexa in India? Not able to connect my fire TV.,"@120174 This feature, as of now isn't available. It will soon be available. Kindly stay tuned! ^HR"
@AmazonHelp I am assuming it's by Amazon since I chose Amazon global priority shipping. https://t.co/C9vq5RkuuV this is the link to the product page.,@120175 Please reach out to us by phone here: https://t.co/hApLpMlfHN ^RR
@AmazonHelp I contacted customer support by chat&amp;was told to wait for 72 hrs while investigating.:/ This has happened to others for over a week though,"@120175 Have you heard back about the investigation, yet? Please let us know! ^LB"
"@AmazonHelp Seems like it's a random issue, checked just now mike and molly episodes are back",@120176 Awesome! Happy streaming ^MD
@AmazonHelp Till now I have noticed it in a couple of episodes of mike and molly and also in 'the middle',@120176 Thanks for bringing this to our notice; we'll check and forward this internally for review. ^VN
@AmazonHelp  https://t.co/LzRfyE5m3q,@120177 Thanks for the information! Who is the carrier of the package? You can find that info here: https://t.co/Y5jpI9gRhE ^AD
@AmazonHelp The carrier is USPS.,"@120177 Thanks for confirming, Aletta! Please contact us here: https://t.co/233GuUIPkP either by phone or chat so that we can review at the order level. Over social media, we don't have the access needed. We'll be ready to help as soon as you contact. ^TM"
@AmazonHelp Yes.. not single call got regarding that since Saturday.. I want to return this products and never want to purchase again with amazon,@120225 I'm sorry about the hassle. Please drop in your details here: https://t.co/GIJyeYqKE0 We'll look into it. ^SB
@AmazonHelp Yes.. we got after 1 week from estimated date and still waiting for installation,@120225 I'm sorry about the installation issues. Have you reported this to our team here: https://t.co/T6y6Xlutbs? ^VN
@AmazonHelp In the last four days U people are not able to arrange the pick up??? Is there any time limit for this to solve the issue???,"@120227 We've sent you a correspondence, kindly respond to that for further assistance. ^MN"
@AmazonHelp Where you send correspondence ?? I did not get any correspondence.,"@120227 It has been sent to your registered email address, please check and revert. ^HN"
@AmazonHelp I did not get any kindly resend.,@120227 please share your details here: https://t.co/GIJyeYqKE0 and we'll check this for you. 2/2^HN
@AmazonHelp I did not get any kindly resend.,"@120227 You should have received an email from us. In case, you haven't received the email,1/2^HN"
@AmazonHelp @115850 @AmazonHelp @115821 . In the last 5 working days u ppl  not able to arrange pick up.I m waiting for return since 30 days.,@120227 Sorry about that! Could you kindly confirm if you have filled in the details with the link provided earlier? ^PB
@AmazonHelp Once again I submitted please check,@120227 Thank you for sharing the details. We're working on it and we'll get back to you soon with an update. ^SY
@AmazonHelp Once again I submitted please check,@120227 Thank you for confirming. Please be assured we'll get back to you at the earliest. ^PB
@AmazonHelp Is there any update??,"@120227 We've responded to you via email, Saurabh. Please reply to the email sent for more information. ^KS"
@AmazonHelp Now which information left to give u???kindly read previous msg.,@120227 here: https://t.co/DTSNmGldJf. Kindly check and reply to our email for assistance. (2/2) ^MO
@AmazonHelp Now which information left to give u???kindly read previous msg.,@120227 We've escalated your issue and we're waiting for an update from our concern team. We've responded to you (1/2) ^MO
@AmazonHelp You people always escalated issue and for another 24 hours.kindly do something substantial.still issue is unresolved. such a poor service.,@120227 Our team is currently working on your issue and will be resolved at the earliest. (1/2)^AU
@AmazonHelp You people always escalated issue and for another 24 hours.kindly do something substantial.still issue is unresolved. such a poor service.,"@120227 For further assistance, reply to the email that you received from us. (2/2)^AU"
@AmazonHelp When will be the earliest?? 1 more month?,"@120227 I get your disappointment. As informed earlier, we've escalated the issue and will get back to you with an update soon. ^MO"
@AmazonHelp When u will be get back with update???,@120227 I get you being upset. As mentioned earlier we will get back to you at the earliest possible. ^JS
@AmazonHelp I would like to know what action taken from your side regarding my issue apart from regret emails??,"@120227 We're working on it, Saurabh. We'll get in touch with you soon. ^JC"
"@AmazonHelp Yes you missed it completely and made a blunder.
Call me on 9140560819 for more understanding","@120228 Please don't provide your account details, as we consider it to be personal information. Our Twitter page is public.​ ^RW"
"@AmazonHelp Yes you missed it completely and made a blunder.
Call me on 9140560819 for more understanding",@120228 I'm sorry for the delay in delivery. Please fill this form: https://t.co/beaaDm0muc and I’ll contact you at the earliest ^RW
@AmazonHelp Done this. What about resolution ??,@120228 Thank you for providing the details. We're working on it &amp; we'll get back to you soon with an appropriate resolution. ^SY
"@AmazonHelp No resolution is provided yet.
Contact number: 9140560819",@120228 Please don't provide your personal information. Our page is visible to the public. 2/2 ^SC
"@AmazonHelp No resolution is provided yet.
Contact number: 9140560819",@120228 We've sent the correspondence to your registered email ID. Kindly check and reply with your concerns. 1/2^SC
@AmazonHelp I need a proper compensation and full refund of my order. Contact me on 9140560819 for any other detail.,"@120228 Please don't provide your details, we consider it to be personal information. Our page is visible to the public. 2/2^SC"
@AmazonHelp I need a proper compensation and full refund of my order. Contact me on 9140560819 for any other detail.,"@120228 As informed you earlier, please reply to our correspondence with your concerns and we'll get back. 1/2 ^SC"
@AmazonHelp I want a proper resolution here...,@120228 Please reply to the email correspondence for a better insight. (2/2) ^SI
@AmazonHelp I want a proper resolution here...,"@120228 Due to restricted access to your amazon account through Twitter, we shall not be able to provide any update here. (1/2) ^SI"
@AmazonHelp Then how should I reach you for assistance,"@120229 You have reached out to us by tweeting. As we cannot check your order details here, kindly connect with our support team. ^RW"
@AmazonHelp @115833 What is 2nd Generation? I have Amazon Echo from US ? Not the Echo Dot.,@120231 Please connect with us here: https://t.co/vlvfJr4nN9 over phone so we could explain you the difference. ^HK
"@115833 @AmazonHelp Will echo devices bought from US work in India, as ECHO has already been launched here ?",@120231 The second generation echo will work in India. ^AK
@AmazonHelp Provided my details hope I will get a resolution,@120232 and reply for further assistance. 2/2 ^SB
@AmazonHelp Provided my details hope I will get a resolution,@120232 We have sent a correspondence to your registered email id. Request you to check 1/2 ^SB
@AmazonHelp I have already tried that option so hopeing you could provide better option,@120232 Apologies for the ordeal Bhakti. Please share your details here: https://t.co/GIJyeYqKE0 and I'll get back to you. ^HN
@AmazonHelp And secondly I would like to know if it was out of stock how I was able to place the order,@120232 Allow our support team to look into this. You can connect with us here: https://t.co/R3EfhzgU8B ^CB.
"@AmazonHelp Not Amazon customer service, that’s what’s down. Way down.",@120259 Sorry to hear that you feel this way. Please report it to an agent with access to your acc here: https://t.co/hApLpMlfHN.^JJ
@AmazonHelp,"@120259 Hey, what's up? ^AS"
@AmazonHelp This contest commences from today.There was a similar contest whose last date was 31st oct 2017.,"@120260 Winners of the app jackpot will be announced on November 3, 2017. You can find the list here: https://t.co/Bkgo9lesh7 ^SH"
@AmazonHelp i know but i call all courier serviece they people cant home pick up so please arrange from your hand.,@120261 Kindly revert to our email correspondence with further query on this and we'll be happy to take it over from there. ^AB
@AmazonHelp can u ready for return pick up i receive damage product,"@120261 You must have received a correspondence from our team, request you to check the same. ^SH"
@AmazonHelp Please pick up from your hand . I get also damage product from your hand,"@120261 I understand your concern, Dharmesh. If you've replied to our email, our team will reach out to you soon. Please wait. ^HD"
@AmazonHelp I allready replied. I clearly say that please pick up from your hand.,@120261 Thank you for confirming that you've responded to our email. We'll definitely get back. Request you to wait till then. ^SK
@AmazonHelp I already call your linked courier service they all not ready for home pick up and some courier service cha rges is very high,"@120261 As informed earlier, request you to respond to the email you've received from our team for further assistance. ^SU"
@AmazonHelp U people allready reply me and now say we cant access?,"@120261 If you have received an email from our team, I request you to please reply to it with your query and ^MP 1/2"
@AmazonHelp U people allready reply me and now say we cant access?,@120261 we'll get back to you with an update right away. ^MP 2/2
@AmazonHelp Its very headache so please pick up from your hand. I dont pick up any charges for courier so please arrange from u.,@120261 We can't access your Amazon account over Twitter. Kindly share the needed information over the secure link shared. ^CB
@AmazonHelp Its not my issue for return pick up. U people not mention any where before purchase product otherwise i think about purchase this order.,"@120261 I understand that you're upset, Dharmesh. Could you confirm, submitting your details using the link shared earlier? ^MP"
@AmazonHelp I’ve had one saying it will be late but no reason why,@120262 Sorry to hear that. We'll be happy to look into that for you. Please reach out to us here: https://t.co/JzP7hlA23B ^RS
@AmazonHelp is my parcel lost in transit I’ve never experienced a delay with delivery from you!! https://t.co/DJ4tGuR94P,"@120262 Hi, sorry to hear that, delays happen for unforeseen reasons, were you emailed with a reason for the delay?^AS"
"@AmazonHelp thnx, matter resolved.",@120263 Glad the issue was resolved. Thank you for keeping us posted. ^SB
@AmazonHelp filled once already...,@120264 Request you to reply to the email correspondence which we have sent to your registered email id. We'll look into it. ^SB
@AmazonHelp no email received...wic email you sent it on,@120264 Kindly check the mailbox of you registered email id. You'll find an email correspondence from us. ^ZH
@AmazonHelp problem not resolved yet...high time now,@120264 Please fill in your details using the link: https://t.co/JzRdscmdH9 and I'll get in touch with you soon. ^AK (2/2)
@AmazonHelp problem not resolved yet...high time now,@120264 Sorry to know about the delay in resolving your query. I'd like to take a closer look at this. ^AK (1/2)
@AmazonHelp pl do...i am already fed up with the service...considering returning the order.,@120264 I can understand it would be worrisome. Please be assured we'll contact you at the earliest. ^SC
@AmazonHelp details shared,@120264 We've received your details and we'll get back to you soon. ^PS
@AmazonHelp No use from your link or Amazon app support call or chat. Please see the order details.just telling us to wait.Not updating the status also. https://t.co/Uwp0eOu6Ia,"@120315 Please don't provide your order details, we consider it personal information. Our Twitter page is visible to public. (2/2) ^ZH"
@AmazonHelp No use from your link or Amazon app support call or chat. Please see the order details.just telling us to wait.Not updating the status also. https://t.co/Uwp0eOu6Ia,@120315 We apologize for the inconvenience. Please share your details here: https://t.co/GIJyeYqKE0 and I'll personally help you. (1/2) ^ZH
@AmazonHelp Anyway you are redirecting the above link to your customer support..What is the use of it?? Same reply from them...,"@120315 Filling in your details wouldn't lead you to our support team, Uday. Please do the same, we'll reach out to you personally. ^JC"
@AmazonHelp Daily same msg coming but do not delivered,@120316 we have missed on the estimated delivery date? 2/2 ^SB
@AmazonHelp Daily same msg coming but do not delivered,@120316 I'm sorry about the delay in delivering your order. Could you please let us know if 1/2 ^SB
"@AmazonHelp Arriving Today: Your package with Dell KM117 Wireless Keyboard Mouse is out for delivery.Amt: Rs.1,399. https://t.co/JuXkvDFU1Q","@120316 When the product is out for delivery, it will be delivered before 8 pm. Kindly wait until then. Do keep us posted. ^AK"
@AmazonHelp Ok thank u,"@120317 You're welcome, Aleema. Do let us know if you need any further assistance. ^SY"
"@AmazonHelp Name of account -avaneesh Kumar chaubey 
Contact number -8269451504
Order number - 405-3324870-8447534
Product - titan watch","@120318 Please don't provide your order details, we consider it personal information. Our Twitter page is visible to public. (2/2) ^ZH"
"@AmazonHelp Name of account -avaneesh Kumar chaubey 
Contact number -8269451504
Order number - 405-3324870-8447534
Product - titan watch",@120318 We don't have access to your account over Twitter. Please share your details in the link given earlier by 'GS'. (1/2) ^ZH
@AmazonHelp I did it already~,"@120322 W/o posting personal info, what is the issue with the orders? What was advised when you contacted? ^PK"
"@AmazonHelp Scam, just scam, sellers don't send out my products~ 6 orders. so bad~",@120322 I'm sorry to hear that. What were you advised when you contacted us by phone/chat? ^DC
@AmazonHelp 6 order: 113-2039762-2382613、113-2511164-7606668、113-7544238-7484225、114-5454499-3702646、114-9012608-0575407、114-9109336-9221053,"@120322 Hi, please don't share order numbers here as this page is public. Please contact us; https://t.co/hApLpMlfHN to look into this. ^JJ"
@AmazonHelp .com,"@120322 Apologies, have you looked into filling an A-Z Claim: https://t.co/OgRmc6aXUX? ^JJ"
@AmazonHelp I can't find File/View Claim.,@120322 Hi please contact us here: https://t.co/R55eEQwSEs and a specialist will look into it for you. ^AS
"@AmazonHelp I was scammed. 6 orders, all sellers are gone and nothing send to me, how could I do now? how to stop my prime membership?","@120322 sorry to hear that, from what Amazon marketplace were you shopping from? .com, .co.uk, .es etc? ^AS"
@AmazonHelp HorrbleService👿Booked #Redmi4 on 16.10.17.  Neither phn recd nor refnd. complnt alrdy made.  No response at all. Fed up wd amzon,@120323 I'm sorry for the trouble with your order. Have you reached out to our support team from here: https://t.co/2t6DQoUmNZ? ^RW
@AmazonHelp I wuld lyk 2 knw jus 1 simpl&amp; straight answer. Hw mny times u ppl wl ask d same qstn again&amp;again.Coz m juss sick of answring over&amp;over again,@120324 We don't have access to your account over Twitter. Please share your details in the link and we'll be sure to help you. ^ZH
@AmazonHelp sent twice. Ask me if something else you need.,@120324 I appreciate your understanding in this regard. We've received your details and we'll get back to you at the earliest. ^SC
@AmazonHelp I have reported the same..Hoping for a genuine product in perfect condition to be delivered now.,"@120325 In that case, please fill out this form: https://t.co/GIJyeYqKE0 and we'll look into this for you. ^AM"
@AmazonHelp Update was sent at 930 pm. Ggs,@120403 Please reach out to us directly here: https://t.co/hApLpMlfHN and we can look into this further. ^PK
@AmazonHelp Thank u.......done,@120404 You're most welcome. Thanks for keeping us posted. ^AB
@AmazonHelp how do i delete my old credit cards from the list,@120404 please check this link here: https://t.co/nGMwhpjmNo (2/2) ^KA
@AmazonHelp how do i delete my old credit cards from the list,"@120404 You can update your payment methods by visiting the Payment section in Your Account page. For more information, (1/2) ^KA"
"@AmazonHelp how to stop my prime membership, since i was scammed and you do nothing to me, i need to cancel my membership.",@120322 Which Amazon website did this happen on? ^KM
@AmazonHelp Amazon has encountered an error. Please try again shortly. This message appears every time I attempt to change my default list for days now.,@120407 My apologies Christopher. Have you tried from a non mobile device? ^DC
@AmazonHelp cannot change default wishlist in any app or browser regardless of mobile device. log out/in does not fix. Error message. Advise,@120407 Sorry to hear that. What error message are you getting? ^RS
"@AmazonHelp あああ……いえ、今は指定時間少し過ぎてるだけなのでそこまで気にしてないです大丈夫です
すみませんありがとうございます","@120460 かしこまりました。ご心配をおかけしております。
お待ちいただいても届かない場合には、ご遠慮なく先ほどのURLよりご連絡くださいませ。TY"
@AmazonHelp are brighton tickets available today for the morrissey presale? they aren’t on the website and i got worried,"@120463 Pls reach out here so we can check this for you 
https://t.co/lnp3A1Qpxe ^KM"
@AmazonHelp When will Madam Secretary S4 will be available on Amazon Prime Video India?,"@120466 Currently, we do not have an update on this. Please stay tuned. ^HK"
@AmazonHelp That I do daily. Can't the request be prioritized?,"@120467 As informed earlier, we will forward your request. However, I request you to wait for it. (2/2)^HR"
@AmazonHelp That I do daily. Can't the request be prioritized?,@120467 Thank you for showing the interest towards our device. Good things come to those who wait. 😇 (1/2)^HR
@AmazonHelp The item doesn't do what I need it to do.,@120468 Please reach out to us directly here: https://t.co/hApLpMlfHN and we can help arrange a return for you. ^PK
@AmazonHelp Please call back me...,@120469 on 'call me' option and a call shall be connected with our support team. 2/2 ^SH
@AmazonHelp Please call back me...,@120469 Please click here: https://t.co/2l2eM2Q8NU after selecting the appropriate issue click 1/2 ^SH
@AmazonHelp No option of call with customer care,"@120469 If you're unable to arrange a call back, kindly contact our support team using the chat/email option and we'll help you. ^ZH"
@AmazonHelp I am already still awaiting since 12.10.2017 for your solution. But no any satisfied resolution provide from Amazon side.,@120469 Apologies for the ordeal Kaushal. Please share your details here: https://t.co/GIJyeYqKE0 and I'll get back to you. ^HN
@AmazonHelp How many time I send detail.??,@120469 Sorry for the confusion. Please reply to the email sent by our team earlier &amp; we'll update you on this. ^RS
@AmazonHelp How many more long time I will wait for solution...?? I am not able to call contact with Amazon care,@120469 You may request an immediate call back from us here: https://t.co/vlvfJr4nN9. Do you see any error? ^HK
@AmazonHelp I already replied,"@120469 Thanks for the update, we've received your reply to our correspondence. We'll get back to you at the earliest. ^SC"
@AmazonHelp No any solution provide from your side and I am unable to contact with Amazon care because our call is blocked by Amazon..,@120469 Could you please confirm if you have replied to the email sent by us. ^VH
"@AmazonHelp Since how much time I wait
For your action...??","@120469 Sorry about the stretch, Kaushal. Please reply to the email sent to you. Once we receive your reply, we'll check &amp; assist.^SV"
@AmazonHelp Please do necessary action against courier services,@120469 I understand your concern for delivery. We'll get back to you on this soon &amp; corrected actions will be taken on carrier. ^BS
@AmazonHelp You talked about the Gati courier about our order,@119355 May I please know if you have filled your details through the link provided earlier? ^SH
@AmazonHelp i have :),"@120463 ok, and were you given some information? ^AS"
@AmazonHelp I already talked to your customer care. They are saying kindle prime reading is only available for US residents. I am asking why?,@120475 I have forwarded your comment as a feedback internally for a review. Appreciate your understanding. (3/3) ^SI
@AmazonHelp I already talked to your customer care. They are saying kindle prime reading is only available for US residents. I am asking why?,@120475 Amazon.in has recently introduced the Prime membership and we are trying to provide you the best possible offers. (2/3) ^SI
@AmazonHelp I already talked to your customer care. They are saying kindle prime reading is only available for US residents. I am asking why?,@120475 Both these websites operate independently and hence provide different set of offers with Prime. (1/3) ^SI
@AmazonHelp Why Amazon.in prime members are not allowed to access kindle prime reading section? @117634 @115850 @115821,@120475 Please connect with us here: https://t.co/vlvfJr4nN9 and we'll help you with this. ^HK
"@AmazonHelp 同じ商品と交換したいのですが、返品の際にクレジットカードの選択画面が出てきます。
クレジットカードを持っていないのですが、クレジットカードが無いと返品できないのでしょうか？","@120531 お手数おかけしております。
カードをお持ちではないとのことなので、ご注文内容含めご確認のうえ、ご案内させていただきます。
よろしければ、下記URLよりカスタマーサービスにご連絡ください。
https://t.co/bwBU0NvYIn TY"
@AmazonHelp  please ship this today ORDER # 408-8285636-6191504,"@120538 Please don't provide your order details, as we consider it to be personal information. Our Twitter page is public.​ ^RW"
@AmazonHelp  please ship this today ORDER # 408-8285636-6191504,@120538 Request you to wait till estimate delivery date for an update. I'm positive that it will be delivered accordingly. ^RW
@AmazonHelp non ancora: qual'è il modo migliore per segnalarvi i disservizi di Bartolini? Grazie!,@120539 Puoi contattare tramite questo link: https://t.co/1L0CKp38Aw. A presto! ^CS
@AmazonHelp Well my country is selected as India and my language is English (UK) and when I go to skills I get this: https://t.co/ydfxKirxDn,@120541 Please get in touch with us via https://t.co/TxK11znixD and we'll check this out. ^AM
@AmazonHelp Did not arrive. Please could you confirm which day it is. https://t.co/3NEPf3QAyG,"@120542 You should receive it today or tomorrow according to the tracking information, unfortunately I can't look into it further here ^AS"
@AmazonHelp Arriving today. That's all it's said since this morning. My mum is waiting in as is still waiting. Just a rough time frame would be kind,@120542 I understand. Parcels can be delivered up to 21:00. Please let us know if the order does not arrive by that time. ^AL
@AmazonHelp Ur customer care is disconnecting my call by saying that we would not be able to give you any further I sight over this issue.Please explain,@118505 be able to provide any further insight on this. 2/2 ^SH
@AmazonHelp Ur customer care is disconnecting my call by saying that we would not be able to give you any further I sight over this issue.Please explain,@118505 The resolution provided by our specialist team over the email is the best we can offer. I'm sorry we'll not 1/2 ^SH
@AmazonHelp Hey I have filled the form multiple times do I look like a fool to fill again and again. Give a resolution that's it,"@118505 As you have filled the form, you will receive an email here: https://t.co/qrNGs448NG ^RW"
"@AmazonHelp Hi, can't access chat as I'm locked out of my account and phone is too expensive since I'm outside the US &amp; I'm sure it's not toll free.",@120609 You can try requesting a call back here: https://t.co/zGldWyrtBP ^PK
"@AmazonHelp Hi? I sent in the email but still no reply 20 hours later. Please help out with this, it's really urgent. THanks",@120609 Hi. I'm sorry to hear that. Have you tried by phone/chat for a swifter response? ^DC
"@AmazonHelp oui c'est dommage j'en avais absolument besoin aujourdhui, Chronopost ou UPS l'aurait laissé chez le voisin ou dans un commerce de proximité","@120611 J'en suis navrée. En effet, certains transporteurs effectuent une nouvelle livraison à domicile et la poste en fait partie."
@AmazonHelp Malheureusement non !,@120611 Vous pouvez contacter la poste afin de demander une relivraison ou un dépôt en bureau de poste. ^ARC
@AmazonHelp @120261 Amazon seller support team is not providing pickup service on time to new seller. We are chasing them from 23rd Oct and lost our 4 orders,@120612 I get your disappointment.Please fill your details in the link provided to you earlier so that we can assist you accordingly.^SC
"@AmazonHelp I did call the customer service. But, they were unable to provide any update!",@120613 I'd like to look into the issue and assist you with it. Please provide your details here: https://t.co/FOWMWAwwM3 1/2 ^SH
"@AmazonHelp I did call the customer service. But, they were unable to provide any update!",@120613 and I'll get back to you. 2/2 ^SH
"@AmazonHelp I did provide details and was promised a call back in 7 hours. Well, 24 has passed. This is ugly customer service.",@120613 Sorry about that. Could you please check if you've received an email in response to the details you shared earlier? ^NR
@AmazonHelp I did recieve an email indicating the package is being returned to the fulfillment centre. What type of nonsense is this?,"@120613 If you've provided the details earlier in the link, you should've received an email from the social media team. ^NR"
"@AmazonHelp Ok, so you are now foubting whether i provided details or not. Thank you for your wonderful service. Such wonderful new lows.","@120613 We'll not be able to access your account over social media, Ananya. Please reply to the email and we'll get back to you. ^HD"
@AmazonHelp Maybe when you guys do the marketing gimmicks you should put these stuff up. So I buy something and it doesn't even reach me. Wow!,"@120613 Apologies for the experience, Ananya. We've sent a correspondence to your registered email. Please reply &amp; we'll assist. ^SV"
"@AmazonHelp I have not recieved a mail. I cannot reply to a mythical mail, right?",@120613 to locate the email then please resubmit the details in the link provided by ^SH and we'll reach out to you. (2/2) ^KA
"@AmazonHelp I have not recieved a mail. I cannot reply to a mythical mail, right?",@120613 Sorry for the inconvenience. You may check the email from our team here: https://t.co/NTkrxpsbHJ if you are unable (1/2) ^KA
@AmazonHelp The problem is with the router that i ordered. Which is dispatched back to your fulfillment centre! Without my permission! Pathetic service!,@120613 Please provide your details here: https://t.co/beaaDm0muc &amp; we'll reach out to you again &amp; assist you with your concern.^SF
"@AmazonHelp This is da third time am providng the details. Sorry, but i donot have the time.If i dont get the product,i wll make sure you guys regret it",@120613 can look into the issue and get back to you. 2/2 ^SH
"@AmazonHelp This is da third time am providng the details. Sorry, but i donot have the time.If i dont get the product,i wll make sure you guys regret it",@120613 We haven't received your details yet. Kindly share your details through the link provided above so that we 1/2 ^SH
@AmazonHelp I have sent it again.,@120613 Thank you for sharing the details. We're working on it &amp; we'll get back to you soon with an update. ^SY
@AmazonHelp How soon?,"@120613 Please allow us 6-12 hours to get back to you with an update. Appreciate your patience, Ananya. ^JC"
"@AmazonHelp And he left it on the doorstep anyway, after creating merry hell",@120614 Please reach out to us directly here: https://t.co/JzP7hlA23B and we can look into this. ^PK
"@AmazonHelp , as @115830 haven’t replied, could you? https://t.co/HZhcbSKhWv","@120614 Hi, apologies. Carriers should not follow handwritten delivery notes. You can set them on your acc: https://t.co/aLmiGBTlSk. ^JJ"
@AmazonHelp  emailing to enquiremorrissey tickets as they go on sale today from 10.00 but No brighton date has come up as it is advertised.,"@120618 Hi, please request a call here: https://t.co/dcJUFiqj5v to look into this. ^JJ"
@AmazonHelp Order placed 30/10 with stated prime delivery of 31/10. At 7.30pm informed delayed allow further 2 days! Not 1st time prime has failed!!,"@120619 sorry to hear that, delays can happen sometimes for unforeseen reasons, its not what we want you to experience. ^AS"
"Bad service &amp; no reply! Why do Amazon make it so hard to get in touch! Delivery due yesterday as paid for, not in 2 more days! @AmazonHelp https://t.co/dx43TTZIQK",@120619 My apologies Frances. What was the expected delivery date given at the time the order was placed? ^DC
"Bad service &amp; no reply! Why do Amazon make it so hard to get in touch! Delivery due yesterday as paid for, not in 2 more days! @AmazonHelp https://t.co/dx43TTZIQK","@120619 Hi sorry to hear that, were you given a reason for the delay? ^AS"
@AmazonHelp I have the parcel now but my point is that I’m paying a monthly fee for a service that I’m not getting the benefit of,"@120620 Sorry, did you report the delay to us: https://t.co/JzP7hlA23B? Here's a list of all Prime benefits: https://t.co/1F8zzRxUMC!^JJ"
@AmazonHelp I assumed your previous question meant you were going to do something...? https://t.co/Ry03t6eDaK,@120620 I'm afraid we can't access order/account info here. What does the new update indicate? ^DC
@AmazonHelp Valeu pela dica 😉,@120621 Depois nós conta o que achou do livro. 😊 ^DA
"@AmazonHelp Ainda tenho que me decidir, os dois livros parecem ser incríveis.","@120621 Decisão dificil né Tiago? Eu fiz uma pesquisa e o livro ""O Senhor das Moscas"" parece muito interessante 😉. ^AZ"
@AmazonHelp P.s hat funktioniert mit dem Konto aufladen!,"@120682 Super, das freut mich! Gib aber nicht gleich alles auf einmal aus 😉 ^DW"
@AmazonHelp Zu spät. 🙈😂,@120682 Ich beschwer mich da jetzt mal nicht drüber 🤣 ^AN
"@AmazonHelp 😂😂😂 Wie gesagt euch ein schönen restlichen Feiertag, auch wenn ich Supportet (nennt man das so?) 😂","@120682 Danke, dir auch. Wir supporten dann mal fleißig weiter 😄 ^AN"
@AmazonHelp Ich werd es mal versuchen! Danke für die schnelle und gute Hilfe! Noch ein schönen Feiertag! ❤😁,@120682 Danke! Wir wünschen dir natürlich auch noch einen schönen Feiertag 🙂 ^DS
"@AmazonHelp Würde das funktionieren, wenn ich mein Konto auflade? Da gibts ja diese Funktion in der App. Dann müsste ich nicht los und einen holen. 😅","@120682 Dann wird die Zahlungsart nochmal geprüft. Du kannst es gerne versuchen, aber ob es klappt kann ich dir nicht versprechen. ^AN"
"@AmazonHelp Ist aber nur bei dem Produkt, bei anderen funktioniert es. Ne Idee was ich machen kann? 2/2","@120682 Wenn der Bankeinzug abgelehnt wurde, bleibt leider nur die Möglichkeit mit Kreditkarte oder Gutscheinen zu zahlen. ^AN"
@AmazonHelp I received product with torn package with clear damage however small though. Proper care was not taken while delivering. And now if I replace product it will take 5-7 days atleast which I can not afford. I have no option but to keep it and suffer due to bad practise in delivery.,"@120684 Sorry to know you received a damaged product, we certainly did not expect this to happen. 1/2 ^PS"
@AmazonHelp I received product with torn package with clear damage however small though. Proper care was not taken while delivering. And now if I replace product it will take 5-7 days atleast which I can not afford. I have no option but to keep it and suffer due to bad practise in delivery.,@120684 Kindly connect with us here: https://t.co/TdDksLo6Mf &amp; provide packaging feedback here: https://t.co/TdDksLo6Mf. 2/2 ^PS
@AmazonHelp I have clearly mentioned that I need the book for studies in next few days atleast. So I can not afford to return. And rather what solution I got from you is return of that order which I could have done anyway. I want different solution so I contacted you.,@120684 Kindly make a request for it here: https://t.co/dgreAZQ5qf within the return window and we'll oblige. 2/2 ^AB
@AmazonHelp I have clearly mentioned that I need the book for studies in next few days atleast. So I can not afford to return. And rather what solution I got from you is return of that order which I could have done anyway. I want different solution so I contacted you.,@120684 Arranging a refund/replacement on the order would be the best resolution possible in this case. 1/2 ^AB
"@AmazonHelp If such is the case I regret my order with Amazon. I was thinking more of a better solution such as delivering product again and then collecting the first one. Since I need the book for study, I can not waste time returning it. I can only regret about my choice about Amazon.",@120684 Kindly refer: https://t.co/wM1yebus27 for more information on the return policies. (2/2)^AU
"@AmazonHelp If such is the case I regret my order with Amazon. I was thinking more of a better solution such as delivering product again and then collecting the first one. Since I need the book for study, I can not waste time returning it. I can only regret about my choice about Amazon.",@120684 The replacement order could be released only when the original product is picked up and is returned to us.(1/2)^AU
"@AmazonHelp Somebody else’s, I don’t have any of their emails or anything, it’s really urgent because it’s a present and I need to know if I’ll have it",@120685 Our customer service will help you on the following link https://t.co/hgIrz98cdI
"@AmazonHelp I ordered from .fr, but I do not have my order number, only my name and address, scenes as it was ordered for me",@120685 I understand. Was it ordered through your own account or on somebody elses? ^DC
"@AmazonHelp hello, could I have some information about an order please","@120685 Hi, what Amazon website did you use to place your order? https://t.co/Ao8rYb8Jzw? Please don't share the order number here. ^JJ"
@AmazonHelp What's the response from amazon team. I'm anxious to see my idea @115850,@120686 Big ideas take time to be implemented. 😉 We have forwarded your suggestion. We don't get any update on it.^HR
"@120688 @AmazonHelp @1386 As discussed over call, I have sent email @AmazonHelp - As explained the vouchers of 1000 has not been issued by them. Request you to help.",@120687 Thanks for the update. We'll check and get back to you at the earliest. ^SC
@AmazonHelp @1386 @1386  Hasnt  mailed any reissued vouchers of 1000. But instead cheated us for their loss. @AmazonHelp  Please help it sort here,@120687 Apologies for the hassle. Could you please confirm if you've shared your details in the link provided via DM. ^HN
@AmazonHelp No reply from your hand yet,@120261 we receive your details. Kindly share the details here: https://t.co/beaaDm0muc and I'll contact you soon. (2/2) ^GK
@AmazonHelp No reply from your hand yet,@120261 I just checked and we haven't received your details yet. We'll not be able to work on your concern unless (1/2) ^GK
@AmazonHelp First thing i have not possible for self return. So pls arrange from your hand,@120261 Please confirm if you have provided your details in the link shared by 'GK' &amp; we'll help you accordingly with your concern.^SF
@AmazonHelp I have no any mail  reply from u please,@120261 We will look into it. 2/2 ^SB
@AmazonHelp I have no any mail  reply from u please,@120261 I have checked and we have not received your details. Request you to share your details via the secure link provided. 1/2 ^SB
@AmazonHelp My return date is near so please fast proccess.,"@120261 We'd like to help you. If the details are shared with us from the link provided, we'll get back soon with an update. ^BS"
@AmazonHelp You give me only one answer but please help for pick up,"@120261 Dharmesh, please know that we won't be abel to access your account details from Twitter. Hence, kindly share the details. ^MS"
@AmazonHelp #403-8592504-0317160. you can check my order no.,"@120261 Please don't provide your order details, we consider it to be personal information. Our page is visible to the public.(2/2)^GD"
@AmazonHelp #403-8592504-0317160. you can check my order no.,@120261 Apologies for the delay Dharmesh. Kindly reply to the correspondence sent by our team for further assistance. (1/2) ^GD
@120612 @AmazonHelp Right some time they people make fool. Before perchasing they people not mention anywhere for self return so why we do it otherwise we...,"@120261 As mentioned earlier, reply to our email correspondence with your concerns. We'll check and respond accordingly. ^SC"
"@115821 
Why does not Amazon support the Arabic language knowing that many customers have 85% of the Arabs?
@AmazonHelp","@120694 Hi, I'll be sure to pass your feedback on, thanks. ^AS"
@AmazonHelp Called them a 1000 times..also wrote a mail to mr.Amit..still no reply.. I'm fed up now and want the refund as soon as possible..pls revert,@120695 I'm sorry to know about this. Click here: https://t.co/GIJyeYqKE0 and do the needful so we can find a fix. ^MP
@AmazonHelp Yes I've filled details but still haven't received any call. And I Yesterday I called to customer care and they kept me waiting for 30 mints,"@120700 it here: https://t.co/8DAc10S7ww. Reply to the email from us &amp; request for call, so we could connect with you via phone. 2/2 ^RS"
@AmazonHelp Yes I've filled details but still haven't received any call. And I Yesterday I called to customer care and they kept me waiting for 30 mints,@120700 Apologies for the hassle. I see that our team sent you a correspondence to your registered email ID. Kindly check 1/2 ^RS
@AmazonHelp I've contacted my bank as you asked to do so in email but my bank said Amazon need to raise complain,@120700 Sorry that the issue is still pending. May I know if you've contacted your bank &amp; filed a charge dispute? ^EM
@AmazonHelp Yes I've already contacted my bank and they are saying.. no such transaction we can see from Amazon,"@120700 In that case, I request you to file a charge dispute, the bank will help you further. Appreciate your cooperation. ^BS"
@AmazonHelp Today when I was checking my ordereds I've come to know that refund not initiated for this product. When I called to customer care they said there is problem with product. I dont understand what's happening.,@120700 We've responded to you via DM. Please check. ^SG
@AmazonHelp Kindly see this picture.. what kind of crap is this . I haven't received refund for this product.its been two months . https://t.co/7b9FuW1gyI,"@120700 We would like to help you. Please share your details with us here: https://t.co/GIJyeYqKE0. We'll get in touch shortly. Please don't provide your order details as we consider it personal information. Our twitter page is visible to public.
 ^CB"
@AmazonHelp I still haven't received any call from your end. Kindly resolve my query,@120700 Have you submitted your details through the link shared previously? ^HK
@AmazonHelp 9762642673 call on this number n tell him to deliver,@120701 communication here: https://t.co/tDZub8qgAx. Appreciate your patience. ^RW 2/2
@AmazonHelp 9762642673 call on this number n tell him to deliver,"@120701 Request you to wait till 8:00 pm for an update on delivery. Also, as you have filled the form, you will receive an email 1/2 ^RW"
@AmazonHelp Good morning Amazon idiots... third day in a row... today's delivery guys number 70385 67720....can u idiots call him and ask him to deliver... Bunch of incompetetive morons...get this sorted out today...n don't use empathy n sympathy,"@120701 I get your concern, please check for an email from our team here: https://t.co/NTkrxpsbHJ. ^PS"
@AmazonHelp Are you guys nuts? How can u ask me to wait... bloddy idiots from past three days I am waiting...what r u guys? Stupid assholes? U don't have integrity,@120701 correspondence &amp; reply?  I haven't seen any details with your name or Twitter handle till now. 3/3 ^MJ
@AmazonHelp Are you guys nuts? How can u ask me to wait... bloddy idiots from past three days I am waiting...what r u guys? Stupid assholes? U don't have integrity,"@120701 registered email account post submitting the form here: https://t.co/GIJyeYqKE0, can you check for the following 2/3 ^MJ"
@AmazonHelp Are you guys nuts? How can u ask me to wait... bloddy idiots from past three days I am waiting...what r u guys? Stupid assholes? U don't have integrity,"@120701 I'm sorry for the disappointment with your order delivery, you should be receiving a correspondence from us to your 1/3 ^MJ"
@AmazonHelp I have already given the order details you moron...what are u not able to find out...go figure out yourself...stupid ass,"@120701 Quite a wide range of vocabulary you got there. If you have filled in the details earlier, I believe we must have already 1/2 ^AB"
@AmazonHelp I have already given the order details you moron...what are u not able to find out...go figure out yourself...stupid ass,@120701 reached out via email. Kindly check for the last correspondence from us here: https://t.co/NTkrxpsbHJ and respond to it. 2/2 ^AB
@AmazonHelp Really AB? Why don't you shove it up somewhere appropriately and get your smartest ass people to resolve the query instead of appreciating my vocab...I would love to meet u in person and would like to thank u..let me know when u r interested,"@120701 earlier by ^PJ, ^SI or ^MJ. Kindly drop in your details using the link provided so that we can help you with a resolution 3/3 ^AB"
@AmazonHelp Really AB? Why don't you shove it up somewhere appropriately and get your smartest ass people to resolve the query instead of appreciating my vocab...I would love to meet u in person and would like to thank u..let me know when u r interested,"@120701 FYI, I just checked again, and contrary to your confirmation, we haven't received any details as requested 2/3 ^AB"
@AmazonHelp Really AB? Why don't you shove it up somewhere appropriately and get your smartest ass people to resolve the query instead of appreciating my vocab...I would love to meet u in person and would like to thank u..let me know when u r interested,@120701 Your thanks has been heartily accepted here. I understand you're upset but that doesn't warrant name-calling. 1/3 ^AB
"@AmazonHelp Allrite..I understand that you are a special child, we will do it once again for you..here are the order details: 171-0365118-2187508. For one last time I m telling u, I'll not again fill up any of ur forms...because u guys are retards and can't understand a simple language","@120701 any further insight in this case. Also, please don't provide your order details as our Twitter page is visible to public. 3/3 ^AB"
"@AmazonHelp Allrite..I understand that you are a special child, we will do it once again for you..here are the order details: 171-0365118-2187508. For one last time I m telling u, I'll not again fill up any of ur forms...because u guys are retards and can't understand a simple language",@120701 don't have access to your account details over Twitter. Unless the form is filled we wouldn't be able to offer 2/3 ^AB
"@AmazonHelp Allrite..I understand that you are a special child, we will do it once again for you..here are the order details: 171-0365118-2187508. For one last time I m telling u, I'll not again fill up any of ur forms...because u guys are retards and can't understand a simple language","@120701 Posting the details here on Twitter won't help, Harshal. You need to drop them using the link sent by ^MJ as we 1/3 ^AB"
@AmazonHelp Chutiya Hai Kya tu...from yesterday u guys are delivering? Madarchod,@120701 I understand you are yet to receive your order. Please wait for our team to reach out to you soon. ^VM
@AmazonHelp Hellos idiots... 9762642673 I got this number today for the delivery guy...from past 2hours he's saying he's coming in 2min...what the fuck is wrong with u shameless people...don't write words of empathy,"@120701 Apologies, please fill this form: https://t.co/beaaDm0muc and we'll get back to you right away. ^SI"
"@AmazonHelp Ohhh so this how u treat a prime customer...unless u provide me resolution don't reply on this and also I am tagging big people from Amazon to look into it...stop send me tweets with empathy...I don't need it...m the customer, I'll go somewhere else","@120701 As the details are shared from the link mentioned earlier, we'd get back to you soon with an update. ^BS"
@AmazonHelp Ohhh come on...don't be a freak...who has kept u on the job? You are not committing a time when u would take an action? Also confirm whether you will be calling me up by today end of the day? Only if u have questions to these answers you reply...,"@120701 I understand waiting could be tiresome but rest assured, the concerned team is working on a resolution for you. ^BV"
@AmazonHelp Be a man of your words and come up with a solution by today. And also I am expecting call from ur management? Is it possible..just disclose it in public forum and I'll take this with consumer court,@120701 We will definitely get back to you. Request you to wait till then. Your patience here will be highly appreciated. ^SK
"@AmazonHelp Just did it...I want a commitment of my product or money rite now..be a man and do the rite thing by today, either deliver or refund rite now..else I am going to consumer court with ur replies",@120701 I assure you that our team will get back with an update. Request you to wait till then. 2/2 ^SK
"@AmazonHelp Just did it...I want a commitment of my product or money rite now..be a man and do the rite thing by today, either deliver or refund rite now..else I am going to consumer court with ur replies",@120701 Thank you for the confirmation. We understand the importance of this issue to you. 1/2 ^SK
@AmazonHelp Feedback? Are you kidding me? Where is my money and the package...bloddy idiots I am the prime customer and I want the shipment to be delivered rite now...I don't care about ur internal review...get me ur escalation point of contact to call me,@120701 We understand your concern. We’d like to help you; please fill this form: https://t.co/beaaDm0muc and we’ll contact you soon.^PJ
@AmazonHelp Sure..so if compensation is not available...can I name and shame you guys...because u guys are pathetic..can u quickly tell me ur name and employee ID and also ur escalation point of contact..because I am not sitting quiet,@120701 on this as feedback with the team internally for a review. 2/2 ^OS
@AmazonHelp Sure..so if compensation is not available...can I name and shame you guys...because u guys are pathetic..can u quickly tell me ur name and employee ID and also ur escalation point of contact..because I am not sitting quiet,"@120701 I'm sorry but I wouldn't' be able to disclose those details. However, I'll be sure to share your comments 1/2 ^OS"
@AmazonHelp Trust me it useless to narrate my experience in the app feedback...I want a resolution... And commitment that this won't be repeated and a compensation,@120701 -are not available in amazon. (2/2)^GU
@AmazonHelp Trust me it useless to narrate my experience in the app feedback...I want a resolution... And commitment that this won't be repeated and a compensation,@120701 I'm sorry for the trouble. We will definitely make sure such an instance does not get repeated. Compensation policies (1/2)^GU
@AmazonHelp I attached the snapshot of that,@120691 I just checked and we've received your details. Please allow us some time and we'll reach out to you. ^KA
"@AmazonHelp OKAY, now I get ""connection timed out"", does GFW play a part here? (I'm in China). Even though, why ""wrong password""?","@120765 Hi. If you get in touch: https://t.co/hApLpMlfHN, we'll be happy to look into this with you. ^DC"
@AmazonHelp But everything I used was 100% legit and spent 4 hours yesterday with the bank and amazon making sure there was no problems,"@120768 Did you receive an email? What did it advise? If not, please contact us here: https://t.co/zYVX1Qi29G ^PK"
@AmazonHelp But everything I used was 100% legit and spent 4 hours yesterday with the bank and amazon making sure there was no problems,@120768 Were you emailed to confirm why your account was on hold? ^AS
"@AmazonHelp Error message telling me ""wrong password"", but I am 100% sure my password was right. This happens to everyone around me ...",@120765 Can you try to change your password? ^AS
"@AmazonHelp Thank you for doing the right thing and solving the problem, though i believe we could have done it on Day1 of issue, but thank you eith way",@120769 Thanks for keeping us posted. I'll be sure to forward your comments to our team internally. ^GK
"@AmazonHelp I was supposed to receive a call back,  is this how you want to be a world class company, pls sort my issue out 9051282828","@120769 Please don't provide your order details, as we consider it to be personal information. Our Twitter page is public.​  ^RW"
"@AmazonHelp I was supposed to receive a call back,  is this how you want to be a world class company, pls sort my issue out 9051282828",@120769 We will reply you over DM. ^RW
@AmazonHelp the above link only signs me into my account. Have already spoken with over 15 of ur cust care staff. No use. Give me ph no of senior staff.,@120770 I'm sorry for the hassle. Please fill your details here: https://t.co/GIJyeYqKE0 We'll look into it. ^SB
@AmazonHelp Link Not working,@120771 We request you to open the link from desktop or laptop and follow the instructions to download the invoice. ^SB
@AmazonHelp It was a request about getting some resources for schools given the discontinuation of love film by post - and what will happen to old dvds,"@120772 Hi Tim, what information did we provide when you contacted us? - Tara S"
"@AmazonHelp Replied asking me if I wanted to join love film, that I could keep dvds I have, that film clubs runs for schools(run it)&amp;that it’s stopping","@120772 Hi Tim, please fill out this secure form from a non-mobile device with as much info as possible: https://t.co/tkLCr7DNil ^TS"
@AmazonHelp Still getting a string of irrelevant replies from people who can’t read an email. Your service is dreadful,@120772 Can you tell me (without personal info) what your request was? ^AS
@AmazonHelp To see if they can support our school,@120772 What was advised when you spoke with us directly? ^NV
"@AmazonHelp Tried that the first time, customer service operators can’t seem to read an email",@120772 My apologies Tim. What happened when you tried contacting by phone/chat? ^DC
"@AmazonHelp can I pls have a direct email address for someone with a brain for your love film by post service,online help proving impossible",@120772 Hi Tim- For all queries you can reach us directly via the below link:  https://t.co/JzP7hlA23B Thanks. ^NV
"@AmazonHelp 1. Does it work without being plugged in to power? 
2. If yes, what is battery life? 
3. Can it be used for receiving and making calls?",@120773 It can connect to all the smart electronics at your place. 3/3 ^RW
"@AmazonHelp 1. Does it work without being plugged in to power? 
2. If yes, what is battery life? 
3. Can it be used for receiving and making calls?","@120773 to connect via voice through the Alexa app. Yes, you can connect it as a Bluetooth speaker. 2/3 ^RW"
"@AmazonHelp 1. Does it work without being plugged in to power? 
2. If yes, what is battery life? 
3. Can it be used for receiving and making calls?","@120773 It doesn't have a built in battery, so plugging in to an electric socket is a must. You can use the ""Drop in"" feature 1/3 ^RW"
Anyone here who has used Amazon Echo or Echo plus? How is the experience? Have a couple of questions that their @AmazonHelp rep doesn't know,@120773 Sorry about that. Kindly elaborate the issue and we'll be happy to help. ^AK
#AmazonPayAppQuiz who's the winner @115850 @AmazonHelp,@120775 I believe the winners will be announced by 7th November. Kindly wait until then. ^AB
"@AmazonHelp なるほど。確認したところ、予約した商品の在庫が無かったから、なかなかメールが来なかったんですね…。
ご丁寧にありがとうございました。",@120776 恐れ入ります。Amazonから発送される商品のご注文の場合は、お届け予定日を目安にお待ちいただければと存じます。どうぞよろしくお願いいたします。　SM
@AmazonHelp No resolution provided.. Thats again a regret msg nothing more.. I need my products,@120777 I'm sorry but we'll not be able to offer further insight on this. ^HK
"@AmazonHelp I hope u r done with all sorries apologies understanding n other such words to keep customer waiting?

Now pls deliver my order.",@120777 We've sent you an email on this. Please refer the same. The resolution provided is the best we could offer in this case. ^HK
@AmazonHelp U need to ur mails first.. Are they of any use???,@120777 our team and we'll get back. (2/2) ^KA
@AmazonHelp U need to ur mails first.. Are they of any use???,@120777 Sorry for the disappointment. We can't gain access to your account via Twitter. Please reply to the email from (1/2) ^KA
@AmazonHelp Have you gone deeper into the issue or it's just an automated instant reply over Twitter?? @115851,@120777 Kindly reply to the email received from us and we shall get back to you on this. ^SH
"@AmazonHelp what should i do now ?
just forget it ???","@120777 I understand the unpleasantness here, Himanshu. We'll respond to you via mail soon. ^JC"
"@AmazonHelp details updated on link provided. fed up with your delivery system. india resides in Bharat, and your service at bharat is too bad",@120777 We regret the inconvenience. We have received your details. We'll work on it and get back to you.  ^SB
"@115850 @115821 @AmazonHelp
fed up pls look Order#4__credit_card__.
I want my products dont need apologies. more than 5 apologise withme",@120777 Please don’t provide your order details as we consider them to be personal info. Our Twitter page is visible to public. ^JC
"@115850 @115821 @AmazonHelp
fed up pls look Order#4__credit_card__.
I want my products dont need apologies. more than 5 apologise withme","@120777 Sorry for the trouble, Himanshu. Please fill in your details here: https://t.co/GIJyeYqKE0 and we'll get on it right away. ^JC"
@115851 @AmazonHelp @115850 @115821 fire the india sales team. For last 6 days they schedule and cancel the pickup. 404-7148114-1043526,"@120778 assistance. Please don't provide your order details, we consider it to be personal information. 2/2 ^SY"
@115851 @AmazonHelp @115850 @115821 fire the india sales team. For last 6 days they schedule and cancel the pickup. 404-7148114-1043526,@120778 We have sent you a correspondence here: https://t.co/DTSNmGldJf Kindly check &amp; write back to it for further 1/2 ^SY
@AmazonHelp yes did that but no outcome till now. waste of time,@120779 I'm sorry about the trouble. Kindly share your details here: https://t.co/cQVomR1pWz and we'll check with it. ^KH
@AmazonHelp shared and still zero outcome,@120779 We haven't received your details. Kindly share them on the link above and we'll get back to you at the earliest. ^PS
@AmazonHelp 2 days and zero outcome,"@120779 Just to confirm, have you reported this to our support team as requested earlier? If not kindly let them know about it. ^AB"
@AmazonHelp i tried almost every single pin code available in the country and none of them worked. please share 1 pin code which is working?,@120779 That's odd! Please flag your concern here: https://t.co/vlvfJr4nN9 &amp; we'll help you further on this. ^BS
@1404 @AmazonHelp  product is not deliverable to any single pincode in India. making customers fool by listing product at low price https://t.co/3hxhLgCaWd,@120779 Kindly try placing the order with an alternative pincode. I'll be sure to pass on your feedback internally. (2/2)^AU
@1404 @AmazonHelp  product is not deliverable to any single pincode in India. making customers fool by listing product at low price https://t.co/3hxhLgCaWd,@120779 Certain products can't be shipped to some selected pincodes because of the unavailability of courier facility there. (1/2)^AU
@AmazonHelp @AmazonHelp @115850 @1402 @120781 what is the update Amazon team??,@120780 We've sent you an email correspondence to your registered account. Please refer and revert on the same. ^HK
@AmazonHelp kindly expedite your process it's already been 2 days since I filed this forgery and it's still not resolved.,@120780 We value your time. We shall get things right for you at the earliest. ^CB
@1402 @AmazonHelp can you guys stop the harassment and send me the product I ordered?,@120780 We're following up with your query here: https://t.co/b6M8qTWFD8. Please refer. ^GS
@AmazonHelp Grata. Procuro parceria para divulgar pq meus leitores não tem costume de ler ebook. Se tem como anunciar os livros ou divulgar via Amazon,"@120782 Anna Lou, você pode também entrar em contato com o departamento de R. P utilizando este link: https://t.co/4x5oTTr6Zb. ^VM"
@AmazonHelp I did not see any email. I only had to call again. Now I see it is rescheduled for pickup tomorrow 2nd Nov.,@120778 please respond to the email so that we can assist you accordingly. (2/2)^SU
@AmazonHelp I did not see any email. I only had to call again. Now I see it is rescheduled for pickup tomorrow 2nd Nov.,@120778 Request you to check the spam and junk folders in your mail box for the emails from social media team and (1/2)^SU
"@115851 @AmazonHelp @115850 @115821  Jeff,India help team is useless. Just provides link https://t.co/ZiE6eGp1Im but fails to act.",@120778 We are following up with you over email. Please reply to it for further insight on it. ^RW
@AmazonHelp Oh no!!! Thanks anyway. Wish me luck trying to get tickets on Friday...,"@120834 Hi Helen, hope you saw the update that Brighton is included! Good news 😁 ^TS"
@AmazonHelp Hoooorrrayyy! Not showing up on website yet as an option though?,"@120834 Hi Helen, please check back as it should go live soon. ^TS"
@AmazonHelp It says that if I only select one ticket! What's going on?,"@120834 Hi, please get in touch with us here: https://t.co/oGDklGgbCZ &amp; we'll check this for you. ^TS"
@AmazonHelp Well trying to buy 2 tickets but says I've exceeded amount of tickets?? Not what the t and cs say,@120834 Please reach out here so we can check this for you https://t.co/g7uvTs0guI  ^KM
@AmazonHelp ... Are you guys able to reply to this please?,"@120838 Hi, we can look into this, click here: https://t.co/JzP7hlA23B ^AS"
@AmazonHelp I submitted all the details. Thank you for reply. Expecting a quick response over my refund. Hope @115850 deliver Customer satisfaction.,@120839 You're welcome. We're working on the issue and shall get back to you soon. ^SH
@AmazonHelp Not that I can see https://t.co/c3atGuyoON,@120848 Thank you for the information. We'd like to look into this. Please contact us via phone/chat: https://t.co/JzP7hlA23B. ^AL
"@AmazonHelp Le SAV m'a dit hier qu'ils allaient accélérer l'expédition, mais c'est toujours pas expédié... c'est vraiment n'importe quoi Amazon","@120849 Je suis désolé, est-ce que la date de livraison est dépassée ?
^YL"
"@AmazonHelp J'ai voulu annuler ma commande, mais Amazon dit que c'est soit disant trop tard... Vraiment barbant chez Amazon ! Que des problèmes!",@120849 Ou bien le retourner contre remboursement si l'article est expédié par Amazon. 2/2 ^FA
"@AmazonHelp J'ai voulu annuler ma commande, mais Amazon dit que c'est soit disant trop tard... Vraiment barbant chez Amazon ! Que des problèmes!","@120849 Désolé pour cela. Si l'annulation n'est plus possible, vous aurez la possibilité de refuser le colis lors de la livraison 1/2"
@AmazonHelp Où dois puis-je trouver votre SAV? c'est introuvable sur votre site...,"@120849 Vous pouvez joindre notre SAV via le lien suivant:  https://t.co/hgIrz98cdI 
^SA"
"@AmazonHelp Hier c'était écrit ""envoi aujourd'hui"" dans le suivi, et ça n'a pas été expédié hier... #troll",@120849 L'avez-vous signalé à notre SAV s'il vous plaît? ^SA
@AmazonHelp Pourtant c'était écrit Prime en dessous de l'article quand il était dans mon panier...,@120849 Prime vous offre des avantages sur les frais de livraisons mais ne garantie pas une livraison en un jour ouvré.
@AmazonHelp Pourtant c'était écrit Prime en dessous de l'article quand il était dans mon panier...,"@120849 Je vous comprends, mais c'est le délai nécessaire et le plus rapide possible pour vous faire parvenir votre colis."
Je ne vois vraiment pas l'intérêt d'avoir prime... (article en stock et expédié par Amazon) @AmazonHelp https://t.co/4pnOr895TR,"@120849 Bonjour, la livraison ""Prioritaire"" est la plus rapide possible quand ""en 1j our ouvré"" n'est pas disponible pour un article"
@115850 @AmazonHelp @115851 #my Prime membership expired &amp; I got a notification AFTER that. Now I've had to renew at higher cost. (1),@120852 That's definitely something we must look into. Apologies for this. I'd share this feedback internally with the right team. ^JC
"@AmazonHelp worst service experience in last 3 months, delivery boy is so unprofessional &amp; absurd in talking as if he is doing favour for me","@120853 We're sorry about your delivery experience, Someshwar. Please report this here: https://t.co/vlvfJr4nN9. We'll investigate. ^HK"
@AmazonHelp Oui contacté ma banque et porté plainte pour fraude. Je ne sais pas si je vais pouvoir être remboursée. Etait ce une fraude ou une erreur ?,"@120912 Je vous propose de relancer notre service client, pour vérifier cela via https://t.co/hgIrz98cdI
^YL"
@AmazonHelp La réponse a été que je devais voir avec ma banque. Pourtant à l'origine il y a bien eu un problème sur Amazon.fr,"@120912 Avez-vous contacté votre banque? Quand avez-vous rempli le formulaire? 
^ARC"
"@AmazonHelp Bonjour, mon problème n'a toujours pas été réglé après remplissage du formulaire","@120912 Bonjour, désolée pour cela, quelle a été la réponse fourni par notre SAV concernant ce souci je vous prie ? ^KE"
"@AmazonHelp que mon dossier devait être examiné, puis que je serais recontactée sous un délais de 48h. Je n'ai jamais été recontactée",@120912 Merci de remplir ce formulaire afin que je puisse vérifier votre dossier SVP: https://t.co/HtUowfLjin ^BR
@115821 @115850 @AmazonHelp delivery boy was too arrogant when I asked him to deliver my order next day he cancelled my order#annoyed,"@120913 Apologies for the unpleasant experience, have you reported this to our support here: https://t.co/vlvfJr4nN9? ^AH"
@AmazonHelp Gerade nachgeschaut. Kommt erst morgen...dann kann ich ja meine Planung für diese und nächste Woche verwerfen -.- https://t.co/6BT20Pvdg2,"@120916 Das ist ärgerlich. Wäre es für dich praktischer, wenn die Sendung dann an eine Abholstation umgeleitet wird? ^AN"
"@AmazonHelp Bringt nichts, da ich heute Abend Hannover wieder verlasse und die Bestellung für meine Eltern ist, ich es aber für sie einrichten muss...","@120916 Ohm, das ist dann richtig doof 🙁 Ich hoffe, ihr findet eine Lösung. ^AN"
"@AmazonHelp Es ärgert mich halt, da ich mit Prime bestellt habe, mir jetzt extra frei genommen habe und trotzdem mehr Aufwand habe als ich haben sollte.","@120916 Melde dich mal hier https://t.co/va1VRoK7GS und lass meine Kollegen prüfen, was passiert ist. Eventuell gibt es eine Lösung. ^DS"
"@AmazonHelp Es ärgert mich halt, da ich mit Prime bestellt habe, mir jetzt extra frei genommen habe und trotzdem mehr Aufwand habe als ich haben sollte.",@120916 Habt ihr eine Lösung gefunden ? Oder hat es nicht mehr geklappt? :/ ^AV
"@AmazonHelp Am Ende hat alles geklappt, der Stick funktioniert auch größtenteils. Danke!",@120916 Das freut mich! Dann kann das Wochenende ja kommen. ;) Gruß ^TA
"@AmazonHelp heißt das, das  ich umsonst zu Hause geblieben bin und ich hätte zur Arbeit gehen können da es wohl heute nicht mehr kommt? https://t.co/gSCaua0Qrd",@120916 Das lässt sich über Twitter schlecht sagen. Hast du mal in der Sendungsverfolgung des Transportdienstes nachgeschaut? ^AN
@AmazonHelp https://t.co/QCt7kMtESE,"@120918 Hi, have you been in touch with the publishers to check the details? ^TS"
@AmazonHelp How would they know why you are directing people to The Works?,@120918 The latest information we have regarding an item's availability will be reflected on our website. ^BM
"@AmazonHelp Except that isn't the case.
1 Why not?
2 Why are you sending people to The Works?
3 Why is that book in Home &amp; KItchen?
4 What do you suggest I say to Bonnier when I call their switchboard as you suggest, to find out what Amazon is up to?
5 What is the point of having Prime?","@120918 Hi, you will need to speak with the publishers about this,as ^BM said the latest info we have is reflected on the website^AS."
"@AmazonHelp Except that isn't the case.
1 Why not?
2 Why are you sending people to The Works?
3 Why is that book in Home &amp; KItchen?
4 What do you suggest I say to Bonnier when I call their switchboard as you suggest, to find out what Amazon is up to?
5 What is the point of having Prime?",@120918 Please reach out to us here so we can look into this for you Linda  https://t.co/JzP7hlA23B ^KM
@AmazonHelp I have 'reached out' to you here - you have the information you need.  (You're compounding things by saying 'reach out' by the way . . .),@120918 Please request a call back here Linda so we can speak wit you https://t.co/zH8UlhTGcc ^KM
"@AmazonHelp You have all the information you need - just reply here thanks.  People get in touch this way because that is what they prefer - no forms, no phone calls, so please respond.","@120918 I have escalated your feedback about ""Please Let Me Go"" for correction. If we can help w/ anything else, let us know! ^KN 2/2"
"@AmazonHelp You have all the information you need - just reply here thanks.  People get in touch this way because that is what they prefer - no forms, no phone calls, so please respond.","@120918 I apologise for the frustration, Linda! We don't have account access via Twitter, but we do want to help any way we can! 1/2"
"@AmazonHelp Is there a problem with books in the last couple of days?  Been trying to buy one that is a bestseller but you say only third parties offer it which is odd.  Similarly, the link for a book I ghosted - also a bestseller at the moment - says 3rd party only.","@120918 Hi, no issues have been reported. Can you send us a link for the two title please? We can take a look. ^TS"
"@AmazonHelp On me dit, impossible d'annuler car c'est prêt pour être expédié, mais vous  ne l'expédiez pas...",@120849 S'agit-il d'un article volumineux ? ^SN
"@AmazonHelp hahahaha, you sent me this yesterday. If my problem is, I can't login, how do you expect me to complete this page I have to log in to?",@120919 Is there any option to skip login at the bottom of the login? ^PK
@AmazonHelp Undeliverable. Which makes no sense because my first package was easily delivered at 2pm but this one wasn't at 6pm?,@120923 My apologies Erin. Has any re-delivery attempt information been provided? ^DC
Dear @AmazonHelp I've been paying for prime for awhile and having 2 packages due today &amp; one being undeliverable is VERY annoying. Explain,"@120923 Hi sorry to hear that, were you given a reason for the delay? ^AS"
@AmazonHelp They are saying that amazon took the courier scanned it and returned.. they have no idea on how the box is empty,@120924 and they should be able to help you out. ^SG(2/2)
@AmazonHelp They are saying that amazon took the courier scanned it and returned.. they have no idea on how the box is empty,"@120924 Be assured, returns once scanned are not sent back to the customers. Please escalate this with the carrier (1/2)"
Hi I returned my order and I followed the proper procedure but got back an empty dabba from post office. @115850 @AmazonHelp PFA photos https://t.co/DmP0UrEttf,@120924 the issue. Please don’t provide your details as we consider them to be personal information. Our Twitter page is public. 2/2 ^SH
Hi I returned my order and I followed the proper procedure but got back an empty dabba from post office. @115850 @AmazonHelp PFA photos https://t.co/DmP0UrEttf,@120924 I get your concern if you have self returned the package kindly connect with the courier as they'll be able to help you with 1/2^SH
"@115850 
@AmazonHelp what's update of this? https://t.co/rZxXAjgtps",@120925 Please confirm if the order is picked up for the return. You may check the return status here: https://t.co/6z4yoQYZ7T (2/2)^SF
"@115850 
@AmazonHelp what's update of this? https://t.co/rZxXAjgtps",@120925 This being a social platform we can not access your Amazon account details. (1/2)^SF
@AmazonHelp  https://t.co/HWXuUYZUsi,@120930 We'd like to take another look into this with you. Please reach out via phone/chat here: https://t.co/hApLpMlfHN ^TK
"@AmazonHelp s/o to Amer at customer service for being helpful and understanding, as well as helping me actually get my money back!",@120930 Thank you for the update. Glad we were able to help!  ^CO
That's @AmazonHelp return experience summed up in 2 images. The pick up person has been rescheduling and cancelling on his own. @115850 https://t.co/fM0w6AUv1t,"@120932 Sorry about that. I’d like to help you, please fill this form: https://t.co/beaaDm0muc and I’ll contact you soon. 1/2 ^SY"
That's @AmazonHelp return experience summed up in 2 images. The pick up person has been rescheduling and cancelling on his own. @115850 https://t.co/fM0w6AUv1t,"@120932 Please don't provide your order details, we consider it to be personal information. Our page is visible to the public.2/2^SY"
@AmazonHelp U only email me that we vl solve ur problem but still it's not.. u r only wasting time,@120933 We request you to reply to the correspondence sent by us to your registered email id. We'll get this sorted for you. ^SB
@AmazonHelp Every time new person send me mail &amp; only give me assurance to resolve problem nothing apart from this,@120933 I get your disappointment. Request you to reply to the email sent by our social media team and we will respond on the same. ^GK
@AmazonHelp I think I am talking with ROBOT..only copy paste line I received.. my biggest mistake to purchase from #Amazon  ..,"@120933 I do get your concern Aman, please respond to the email you've received from us and we'll check this for you. ^HN"
"@AmazonHelp R u getting my words I had mailed today they mailed me same thing ""we will solve ur issue soon"" this should be your tag line #Amazon",@120933 soon as we receive an update from them. 2/2 ^SH
"@AmazonHelp R u getting my words I had mailed today they mailed me same thing ""we will solve ur issue soon"" this should be your tag line #Amazon","@120933 I'm sorry it is taking longer than expected. We've escalated the issue to our concerned team, we'll get back to you as 1/2 ^SH"
"@AmazonHelp it's 3rd week still I haven't received my replacement order, I had received unworkable mobile &amp; still it's not replace #Amazon",@120933 We have emailed you here: https://t.co/DTSNmGldJf Kindly check &amp; reply to it for further assistance. ^SY
@AmazonHelp Unfortunately I'll have to cancel it then..disappointed https://t.co/YrXSmd0Duh,"@120934 I understand your concern, Rushikesh. I'll forward your feedback to the team concerned for review. ^HD"
@AmazonHelp What happened? No one gives a solution. Now I’m not confident to buy anymore,@121014 Sorry to hear about your order issue. Please reach our to us by phone or chat here: https://t.co/hApLpMlfHN so we can look into this for you.^ES
@AmazonHelp Nothing in spam inbox. Got no answer. It’s a waste of time. Very disappointing,@121014 Can you please reach out by phone/chat on the link in the previous message. ^RS
@AmazonHelp I sent an email to customer service and I got no answer,"@121014 Hi, have you also checked your spam and junk folders? It can sometimes happen that an email from us can go there.^BZ"
"@AmazonHelp J’ai commandé lundi deux produits, bénéficiant de Prime j’ai opté pour la livraison le soir. Ils ne sont jamais arrivés.",@121049 J'en suis vraiment navré. L'avez-vous signalé à notre SAV ? ^ARC
@AmazonHelp Oui j’attends un mail de remboursement qui n’est jamais arrivé,"@121049 D'accord, Veuillez nous tenir informés si vous avez reçu l'email de remboursement."
@AmazonHelp Je devais le recevoir hier :/,@121049 Vous m'en voyez navrée :/ je vous invite à vérifier ceci auprès de notre SAV via : https://t.co/hgIrz98cdI s'il vous plaît.
@AmazonHelp Never before!,@121050 And what's the tracking of the order now? ^PK
@AmazonHelp it says it's out for delivery now but has been attempted 2 or 3 times so far.,"@121050 Hi, is there a neighbour who can hold the parcel if the business address is closed? ^TS"
@AmazonHelp It’s a large hospital so not really.,@121050 Hmm. Can you tell us who the courier is for this parcel? ^AL
@AmazonHelp I think it’s amazon. The email doesn’t give any specifics.,"@121050 Thanks for confirming, Liz! Please contact us by phone or chat so that we can help investigate further: https://t.co/JzP7hlA23B ^SD"
"@AmazonHelp It notes its being sent back to the sender - which, if true, is totally unacceptable - not exactly #prime level service","@121053 Hi, please reach out to us here: https://t.co/JzP7hlA23B we can look into the order for you. ^AS"
@AmazonHelp can you explain why a package I was due to receive yesterday was marked as refused at my address - when no one refused it? Poor.,"@121053 Hi Mick, did you receive a calling card? Is your parcel listed as out for delivery again today: https://t.co/BQmcNXViiI ^TS"
@AmazonHelp Hi can you tell me how I make a complaint about your delivery drivers?,@121056 Hi Lee. You can get in touch via this link: https://t.co/JzP7hlA23B. We'll be happy to help. ^DC
"@AmazonHelp I was told my account is on hold, if I can’t use my gift cards please return my money back to me Okay",@121057 Hi. Were you give advice on how to remove the lock from your account? ^DC
"@AmazonHelp Simply delivery attempt. Could not deliver today. I imagine it was because it was a business add and after 5, but no attempt was ever made.",@121152 Is there any information regarding when another attempt will be made? ^BM
@AmazonHelp No. I’ve signed in and it still says due 31st,@121152 Sorry to hear that. We'll be happy to look into that for you. Please reach out to us here: https://t.co/JzP7hlA23B ^RS
@AmazonHelp I have sent an email as the same thing happened to me today. The delivery attempt was never made.,"@121152 For the fastest resolution, please reach us directly by choosing ""phone"" or ""chat"" when using RS's link, above. ^JR"
@115850 @AmazonHelp Order has not been picked up niether any update from Amazon or courier partner...,@120925 Sorry that the pickup is still pending. Please contact us here: https://t.co/rS49hgaADF &amp; we'll get it checked for you. ^SY
